{
	"credit": "Made with Blockbench",
	"texture_size": [32, 32],
	"textures": {
		"0": "produce/golden_apple",
		"particle": "produce/golden_apple"
	},
	"elements": [
		{
			"from": [4.04289, 4, 2.83579],
			"to": [6.04289, 6, 2.83579],
			"rotation": {"angle": -22.5, "axis": "z", "origin": [4.75, 4, 3.25]},
			"faces": {
				"north": {"uv": [3, 5, 4, 6], "texture": "#0"},
				"east": {"uv": [0, 0, 0, 1], "texture": "#0"},
				"south": {"uv": [3, 5, 4, 6], "rotation": 90, "texture": "#0"},
				"west": {"uv": [0, 0, 0, 1], "texture": "#0"},
				"up": {"uv": [1, 0, 0, 0], "texture": "#0"},
				"down": {"uv": [1, 0, 0, 0], "texture": "#0"}
			}
		},
		{
			"from": [3.25, -1, 1.75],
			"to": [6.25, 3, 4.75],
			"rotation": {"angle": -22.5, "axis": "z", "origin": [4.75, 4, 3.25]},
			"faces": {
				"north": {"uv": [0, 4.5, 1.5, 6.5], "texture": "#0"},
				"east": {"uv": [0, 4.5, 1.5, 6.5], "texture": "#0"},
				"south": {"uv": [0, 4.5, 1.5, 6.5], "texture": "#0"},
				"west": {"uv": [0, 4.5, 1.5, 6.5], "texture": "#0"},
				"up": {"uv": [1.5, 8, 0, 6.5], "texture": "#0"},
				"down": {"uv": [8, 0, 6.5, 1.5], "texture": "#0"}
			}
		},
		{
			"from": [3.25, 0, 0.75],
			"to": [6.25, 3, 5.75],
			"rotation": {"angle": -22.5, "axis": "z", "origin": [4.75, 4, 3.25]},
			"faces": {
				"north": {"uv": [6.5, 1.5, 8, 3], "texture": "#0"},
				"east": {"uv": [0, 0, 2.5, 1.5], "texture": "#0"},
				"south": {"uv": [6.5, 1.5, 8, 3], "texture": "#0"},
				"west": {"uv": [0, 0, 2.5, 1.5], "texture": "#0"},
				"up": {"uv": [4, 2.5, 2.5, 0], "texture": "#0"},
				"down": {"uv": [4, 2.5, 2.5, 5], "texture": "#0"}
			}
		},
		{
			"from": [2.25, 0, 1.75],
			"to": [7.25, 3, 4.75],
			"rotation": {"angle": -22.5, "axis": "z", "origin": [4.75, 4, 3.25]},
			"faces": {
				"north": {"uv": [0, 0, 2.5, 1.5], "texture": "#0"},
				"east": {"uv": [6.5, 1.5, 8, 3], "texture": "#0"},
				"south": {"uv": [0, 0, 2.5, 1.5], "texture": "#0"},
				"west": {"uv": [6.5, 1.5, 8, 3], "texture": "#0"},
				"up": {"uv": [6.5, 3, 4, 1.5], "texture": "#0"},
				"down": {"uv": [6.5, 3, 4, 4.5], "texture": "#0"}
			}
		},
		{
			"from": [4.25, 3, 2.75],
			"to": [6.25, 4, 4.75],
			"rotation": {"angle": -22.5, "axis": "z", "origin": [4.75, 4, 3.25]},
			"faces": {
				"north": {"uv": [1.5, 4.5, 2.5, 5], "texture": "#0"},
				"east": {"uv": [0, 8, 1, 8.5], "texture": "#0"},
				"south": {"uv": [6, 7.5, 7, 8], "texture": "#0"},
				"west": {"uv": [0, 8, 1, 8.5], "texture": "#0"},
				"up": {"uv": [2.5, 8, 1.5, 7], "texture": "#0"},
				"down": {"uv": [8, 4.5, 7, 5.5], "texture": "#0"}
			}
		},
		{
			"from": [3.25, 3, 1.75],
			"to": [5.25, 4, 3.75],
			"rotation": {"angle": -22.5, "axis": "z", "origin": [4.75, 4, 3.25]},
			"faces": {
				"north": {"uv": [0, 8, 1, 8.5], "texture": "#0"},
				"east": {"uv": [0, 8, 1, 8.5], "texture": "#0"},
				"south": {"uv": [0, 8, 1, 8.5], "texture": "#0"},
				"west": {"uv": [0, 8, 1, 8.5], "texture": "#0"},
				"up": {"uv": [8, 6.5, 7, 5.5], "texture": "#0"},
				"down": {"uv": [8, 6.5, 7, 7.5], "texture": "#0"}
			}
		},
		{
			"from": [7.75, 1.29289, 10.33579],
			"to": [9.75, 3.29289, 10.33579],
			"rotation": {"angle": 0, "axis": "z", "origin": [9.75, 2, 10.75]},
			"faces": {
				"north": {"uv": [3, 5, 4, 6], "rotation": 90, "texture": "#0"},
				"east": {"uv": [1, 0, 0, 0], "rotation": 270, "texture": "#0"},
				"south": {"uv": [3, 5, 4, 6], "texture": "#0"},
				"west": {"uv": [1, 0, 0, 0], "rotation": 270, "texture": "#0"},
				"up": {"uv": [0, 0, 0, 1], "rotation": 270, "texture": "#0"},
				"down": {"uv": [0, 0, 0, 1], "rotation": 270, "texture": "#0"}
			}
		},
		{
			"from": [10.75, 0.5, 9.25],
			"to": [14.75, 3.5, 12.25],
			"rotation": {"angle": 0, "axis": "z", "origin": [9.75, 2, 10.75]},
			"faces": {
				"north": {"uv": [0, 4.5, 1.5, 6.5], "rotation": 90, "texture": "#0"},
				"east": {"uv": [8, 0, 6.5, 1.5], "rotation": 180, "texture": "#0"},
				"south": {"uv": [0, 4.5, 1.5, 6.5], "rotation": 270, "texture": "#0"},
				"west": {"uv": [1.5, 8, 0, 6.5], "texture": "#0"},
				"up": {"uv": [0, 4.5, 1.5, 6.5], "rotation": 270, "texture": "#0"},
				"down": {"uv": [0, 4.5, 1.5, 6.5], "rotation": 270, "texture": "#0"}
			}
		},
		{
			"from": [10.75, -0.5, 9.25],
			"to": [13.75, 4.5, 12.25],
			"rotation": {"angle": 0, "axis": "z", "origin": [9.75, 2, 10.75]},
			"faces": {
				"north": {"uv": [0, 0, 2.5, 1.5], "rotation": 90, "texture": "#0"},
				"east": {"uv": [4, 2.5, 2.5, 5], "rotation": 180, "texture": "#0"},
				"south": {"uv": [0, 0, 2.5, 1.5], "rotation": 270, "texture": "#0"},
				"west": {"uv": [4, 2.5, 2.5, 0], "texture": "#0"},
				"up": {"uv": [6.5, 1.5, 8, 3], "rotation": 270, "texture": "#0"},
				"down": {"uv": [6.5, 1.5, 8, 3], "rotation": 270, "texture": "#0"}
			}
		},
		{
			"from": [10.75, 0.5, 8.25],
			"to": [13.75, 3.5, 13.25],
			"rotation": {"angle": 0, "axis": "z", "origin": [9.75, 2, 10.75]},
			"faces": {
				"north": {"uv": [6.5, 1.5, 8, 3], "rotation": 90, "texture": "#0"},
				"east": {"uv": [6.5, 3, 4, 4.5], "rotation": 180, "texture": "#0"},
				"south": {"uv": [6.5, 1.5, 8, 3], "rotation": 270, "texture": "#0"},
				"west": {"uv": [6.5, 3, 4, 1.5], "texture": "#0"},
				"up": {"uv": [0, 0, 2.5, 1.5], "rotation": 270, "texture": "#0"},
				"down": {"uv": [0, 0, 2.5, 1.5], "rotation": 270, "texture": "#0"}
			}
		},
		{
			"from": [9.75, 0.5, 10.25],
			"to": [10.75, 2.5, 12.25],
			"rotation": {"angle": 0, "axis": "z", "origin": [9.75, 2, 10.75]},
			"faces": {
				"north": {"uv": [0, 8, 1, 8.5], "rotation": 90, "texture": "#0"},
				"east": {"uv": [8, 4.5, 7, 5.5], "rotation": 180, "texture": "#0"},
				"south": {"uv": [0, 8, 1, 8.5], "rotation": 270, "texture": "#0"},
				"west": {"uv": [2.5, 8, 1.5, 7], "texture": "#0"},
				"up": {"uv": [1.5, 4.5, 2.5, 5], "rotation": 270, "texture": "#0"},
				"down": {"uv": [6, 7.5, 7, 8], "rotation": 270, "texture": "#0"}
			}
		},
		{
			"from": [9.75, 1.5, 9.25],
			"to": [10.75, 3.5, 11.25],
			"rotation": {"angle": 0, "axis": "z", "origin": [9.75, 2, 10.75]},
			"faces": {
				"north": {"uv": [0, 8, 1, 8.5], "rotation": 90, "texture": "#0"},
				"east": {"uv": [8, 6.5, 7, 7.5], "rotation": 180, "texture": "#0"},
				"south": {"uv": [0, 8, 1, 8.5], "rotation": 270, "texture": "#0"},
				"west": {"uv": [8, 6.5, 7, 5.5], "texture": "#0"},
				"up": {"uv": [0, 8, 1, 8.5], "rotation": 270, "texture": "#0"},
				"down": {"uv": [0, 8, 1, 8.5], "rotation": 270, "texture": "#0"}
			}
		}
	],
	"groups": [
		{
			"name": "golden_apple",
			"origin": [6, 4, 4],
			"color": 0,
			"children": [0, 1, 2, 3, 4, 5]
		},
		{
			"name": "golden_apple",
			"origin": [6, 4, 4],
			"color": 0,
			"children": [6, 7, 8, 9, 10, 11]
		}
	]
}