{
	"credit": "Made with Blockbench",
	"textures": {
		"0": "stones/blackstone",
		"particle": "stones/blackstone"
	},
	"elements": [
		{
			"from": [7, -1, 6],
			"to": [10, 3, 9],
			"rotation": {"angle": 0, "axis": "y", "origin": [7, 0, 6]},
			"faces": {
				"north": {"uv": [0, 0, 3, 4], "texture": "#0"},
				"east": {"uv": [3, 0, 6, 4], "texture": "#0"},
				"south": {"uv": [0, 4, 3, 8], "texture": "#0"},
				"west": {"uv": [3, 4, 6, 8], "texture": "#0"},
				"up": {"uv": [9, 3, 6, 0], "texture": "#0"},
				"down": {"uv": [3, 8, 0, 11], "texture": "#0"}
			}
		},
		{
			"from": [6, 0, 7],
			"to": [9, 2, 10],
			"rotation": {"angle": 0, "axis": "y", "origin": [7, 0, 7]},
			"faces": {
				"north": {"uv": [0, 0, 3, 2], "texture": "#0"},
				"east": {"uv": [3, 0, 6, 2], "texture": "#0"},
				"south": {"uv": [0, 4, 3, 6], "texture": "#0"},
				"west": {"uv": [3, 4, 6, 6], "texture": "#0"},
				"up": {"uv": [9, 3, 6, 0], "texture": "#0"},
				"down": {"uv": [3, 8, 0, 11], "texture": "#0"}
			}
		}
	],
	"groups": [
		{
			"name": "rock 1",
			"origin": [7, 0, 7],
			"color": 0,
			"children": [0, 1]
		}
	]
}