{
	"credit": "Made with Blockbench",
	"textures": {
		"0": "stones/blackstone",
		"particle": "stones/blackstone"
	},
	"elements": [
		{
			"from": [9, -1, 7],
			"to": [12, 3, 10],
			"rotation": {"angle": 0, "axis": "y", "origin": [9, 0, 7]},
			"faces": {
				"north": {"uv": [0, 0, 3, 4], "texture": "#0"},
				"east": {"uv": [3, 0, 6, 4], "texture": "#0"},
				"south": {"uv": [0, 4, 3, 8], "texture": "#0"},
				"west": {"uv": [3, 4, 6, 8], "texture": "#0"},
				"up": {"uv": [9, 3, 6, 0], "texture": "#0"},
				"down": {"uv": [3, 8, 0, 11], "texture": "#0"}
			}
		},
		{
			"from": [8, 0, 8],
			"to": [11, 2, 11],
			"rotation": {"angle": 0, "axis": "y", "origin": [9, 0, 8]},
			"faces": {
				"north": {"uv": [0, 0, 3, 2], "texture": "#0"},
				"east": {"uv": [3, 0, 6, 2], "texture": "#0"},
				"south": {"uv": [0, 4, 3, 6], "texture": "#0"},
				"west": {"uv": [3, 4, 6, 6], "texture": "#0"},
				"up": {"uv": [9, 3, 6, 0], "texture": "#0"},
				"down": {"uv": [3, 8, 0, 11], "texture": "#0"}
			}
		},
		{
			"from": [6, 0, 5],
			"to": [9, 2, 8],
			"rotation": {"angle": 0, "axis": "y", "origin": [7, 0, 5]},
			"faces": {
				"north": {"uv": [0, 0, 3, 2], "texture": "#0"},
				"east": {"uv": [0, 0, 3, 2], "texture": "#0"},
				"south": {"uv": [0, 0, 3, 2], "texture": "#0"},
				"west": {"uv": [0, 0, 3, 2], "texture": "#0"},
				"up": {"uv": [0, 0, 3, 3], "texture": "#0"},
				"down": {"uv": [0, 0, 3, 3], "texture": "#0"}
			}
		},
		{
			"from": [5, 0, 6],
			"to": [8, 2, 9],
			"rotation": {"angle": 0, "axis": "y", "origin": [6, 0, 6]},
			"faces": {
				"north": {"uv": [0, 0, 3, 2], "texture": "#0"},
				"east": {"uv": [0, 0, 3, 2], "texture": "#0"},
				"south": {"uv": [0, 0, 3, 2], "texture": "#0"},
				"west": {"uv": [0, 0, 3, 2], "texture": "#0"},
				"up": {"uv": [0, 0, 3, 3], "texture": "#0"},
				"down": {"uv": [0, 0, 3, 3], "texture": "#0"}
			}
		},
		{
			"from": [6, -1, 6],
			"to": [8, 3, 8],
			"rotation": {"angle": 0, "axis": "y", "origin": [6, 0, 5]},
			"faces": {
				"north": {"uv": [0, 0, 2, 4], "texture": "#0"},
				"east": {"uv": [0, 0, 2, 4], "texture": "#0"},
				"south": {"uv": [0, 0, 2, 4], "texture": "#0"},
				"west": {"uv": [0, 0, 2, 4], "texture": "#0"},
				"up": {"uv": [0, 0, 2, 2], "texture": "#0"},
				"down": {"uv": [0, 0, 2, 2], "texture": "#0"}
			}
		},
		{
			"from": [6, 2, 9],
			"to": [8, 3, 11],
			"rotation": {"angle": 0, "axis": "y", "origin": [6, 1, 9]},
			"faces": {
				"north": {"uv": [0, 0, 2, 1], "texture": "#0"},
				"east": {"uv": [0, 0, 2, 1], "texture": "#0"},
				"south": {"uv": [0, 0, 2, 1], "texture": "#0"},
				"west": {"uv": [0, 0, 2, 1], "texture": "#0"},
				"up": {"uv": [0, 0, 2, 2], "texture": "#0"},
				"down": {"uv": [0, 0, 2, 2], "texture": "#0"}
			}
		},
		{
			"from": [5, 0, 9],
			"to": [8, 2, 12],
			"rotation": {"angle": 0, "axis": "y", "origin": [5, 0, 9]},
			"faces": {
				"north": {"uv": [0, 0, 3, 2], "texture": "#0"},
				"east": {"uv": [0, 0, 3, 2], "texture": "#0"},
				"south": {"uv": [0, 0, 3, 2], "texture": "#0"},
				"west": {"uv": [0, 0, 3, 2], "texture": "#0"},
				"up": {"uv": [0, 0, 3, 3], "texture": "#0"},
				"down": {"uv": [0, 0, 3, 3], "texture": "#0"}
			}
		},
		{
			"from": [9, 2, 5],
			"to": [11, 3, 7],
			"rotation": {"angle": 0, "axis": "y", "origin": [9, 0, 7]},
			"faces": {
				"north": {"uv": [0, 0, 2, 1], "texture": "#0"},
				"east": {"uv": [0, 0, 2, 1], "texture": "#0"},
				"south": {"uv": [0, 0, 2, 1], "texture": "#0"},
				"west": {"uv": [0, 0, 2, 1], "texture": "#0"},
				"up": {"uv": [0, 0, 2, 2], "rotation": 180, "texture": "#0"},
				"down": {"uv": [0, 0, 2, 2], "rotation": 180, "texture": "#0"}
			}
		},
		{
			"from": [9, 0, 4],
			"to": [12, 2, 7],
			"rotation": {"angle": 0, "axis": "y", "origin": [9, 0, 7]},
			"faces": {
				"north": {"uv": [0, 0, 3, 2], "texture": "#0"},
				"east": {"uv": [0, 0, 3, 2], "texture": "#0"},
				"south": {"uv": [0, 0, 3, 2], "texture": "#0"},
				"west": {"uv": [0, 0, 3, 2], "texture": "#0"},
				"up": {"uv": [0, 0, 3, 3], "rotation": 180, "texture": "#0"},
				"down": {"uv": [0, 0, 3, 3], "rotation": 180, "texture": "#0"}
			}
		},
		{
			"from": [8, 3, 6],
			"to": [11, 5, 9],
			"rotation": {"angle": 0, "axis": "y", "origin": [9, 3, 6]},
			"faces": {
				"north": {"uv": [0, 0, 3, 2], "texture": "#0"},
				"east": {"uv": [0, 0, 3, 2], "texture": "#0"},
				"south": {"uv": [0, 0, 3, 2], "texture": "#0"},
				"west": {"uv": [0, 0, 3, 2], "texture": "#0"},
				"up": {"uv": [0, 0, 3, 3], "texture": "#0"},
				"down": {"uv": [0, 0, 3, 3], "texture": "#0"}
			}
		},
		{
			"from": [7, 3, 7],
			"to": [10, 5, 10],
			"rotation": {"angle": 0, "axis": "y", "origin": [8, 3, 7]},
			"faces": {
				"north": {"uv": [0, 0, 3, 2], "texture": "#0"},
				"east": {"uv": [0, 0, 3, 2], "texture": "#0"},
				"south": {"uv": [0, 0, 3, 2], "texture": "#0"},
				"west": {"uv": [0, 0, 3, 2], "texture": "#0"},
				"up": {"uv": [0, 0, 3, 3], "texture": "#0"},
				"down": {"uv": [0, 0, 3, 3], "texture": "#0"}
			}
		},
		{
			"from": [8, 2, 7],
			"to": [10, 6, 9],
			"rotation": {"angle": 0, "axis": "y", "origin": [8, 3, 6]},
			"faces": {
				"north": {"uv": [0, 0, 2, 4], "texture": "#0"},
				"east": {"uv": [0, 0, 2, 4], "texture": "#0"},
				"south": {"uv": [0, 0, 2, 4], "texture": "#0"},
				"west": {"uv": [0, 0, 2, 4], "texture": "#0"},
				"up": {"uv": [0, 0, 2, 2], "texture": "#0"},
				"down": {"uv": [0, 0, 2, 2], "texture": "#0"}
			}
		},
		{
			"from": [2, 2, 6],
			"to": [4, 3, 8],
			"rotation": {"angle": 0, "axis": "y", "origin": [2, 0, 6]},
			"faces": {
				"north": {"uv": [0, 0, 2, 1], "texture": "#0"},
				"east": {"uv": [0, 0, 2, 1], "texture": "#0"},
				"south": {"uv": [0, 0, 2, 1], "texture": "#0"},
				"west": {"uv": [0, 0, 2, 1], "texture": "#0"},
				"up": {"uv": [0, 0, 2, 2], "rotation": 270, "texture": "#0"},
				"down": {"uv": [0, 0, 2, 2], "rotation": 90, "texture": "#0"}
			}
		},
		{
			"from": [2, 0, 6],
			"to": [5, 2, 9],
			"rotation": {"angle": 0, "axis": "y", "origin": [2, 0, 6]},
			"faces": {
				"north": {"uv": [0, 0, 3, 2], "texture": "#0"},
				"east": {"uv": [0, 0, 3, 2], "texture": "#0"},
				"south": {"uv": [0, 0, 3, 2], "texture": "#0"},
				"west": {"uv": [0, 0, 3, 2], "texture": "#0"},
				"up": {"uv": [0, 0, 3, 3], "rotation": 270, "texture": "#0"},
				"down": {"uv": [0, 0, 3, 3], "rotation": 90, "texture": "#0"}
			}
		},
		{
			"from": [3, -1, 3],
			"to": [6, 3, 6],
			"rotation": {"angle": 0, "axis": "y", "origin": [6, 0, 6]},
			"faces": {
				"north": {"uv": [3, 4, 6, 8], "texture": "#0"},
				"east": {"uv": [0, 0, 3, 4], "texture": "#0"},
				"south": {"uv": [3, 0, 6, 4], "texture": "#0"},
				"west": {"uv": [0, 4, 3, 8], "texture": "#0"},
				"up": {"uv": [9, 3, 6, 0], "rotation": 90, "texture": "#0"},
				"down": {"uv": [3, 8, 0, 11], "rotation": 270, "texture": "#0"}
			}
		},
		{
			"from": [2, 0, 2],
			"to": [5, 2, 5],
			"rotation": {"angle": 0, "axis": "y", "origin": [6, 0, 6]},
			"faces": {
				"north": {"uv": [3, 4, 6, 6], "texture": "#0"},
				"east": {"uv": [0, 0, 3, 2], "texture": "#0"},
				"south": {"uv": [3, 0, 6, 2], "texture": "#0"},
				"west": {"uv": [0, 4, 3, 6], "texture": "#0"},
				"up": {"uv": [9, 3, 6, 0], "rotation": 90, "texture": "#0"},
				"down": {"uv": [3, 8, 0, 11], "rotation": 270, "texture": "#0"}
			}
		},
		{
			"from": [1, -1, 10],
			"to": [4, 3, 13],
			"rotation": {"angle": 0, "axis": "y", "origin": [1, 0, 13]},
			"faces": {
				"north": {"uv": [0, 4, 3, 8], "texture": "#0"},
				"east": {"uv": [3, 4, 6, 8], "texture": "#0"},
				"south": {"uv": [0, 0, 3, 4], "texture": "#0"},
				"west": {"uv": [3, 0, 6, 4], "texture": "#0"},
				"up": {"uv": [9, 3, 6, 0], "rotation": 180, "texture": "#0"},
				"down": {"uv": [3, 8, 0, 11], "rotation": 180, "texture": "#0"}
			}
		},
		{
			"from": [2, 0, 9],
			"to": [5, 2, 12],
			"rotation": {"angle": 0, "axis": "y", "origin": [1, 0, 13]},
			"faces": {
				"north": {"uv": [0, 4, 3, 6], "texture": "#0"},
				"east": {"uv": [3, 4, 6, 6], "texture": "#0"},
				"south": {"uv": [0, 0, 3, 2], "texture": "#0"},
				"west": {"uv": [3, 0, 6, 2], "texture": "#0"},
				"up": {"uv": [9, 3, 6, 0], "rotation": 180, "texture": "#0"},
				"down": {"uv": [3, 8, 0, 11], "rotation": 180, "texture": "#0"}
			}
		},
		{
			"from": [6, -1, 2],
			"to": [9, 3, 5],
			"rotation": {"angle": 0, "axis": "y", "origin": [6, 0, 5]},
			"faces": {
				"north": {"uv": [0, 4, 3, 8], "texture": "#0"},
				"east": {"uv": [3, 4, 6, 8], "texture": "#0"},
				"south": {"uv": [0, 0, 3, 4], "texture": "#0"},
				"west": {"uv": [3, 0, 6, 4], "texture": "#0"},
				"up": {"uv": [9, 3, 6, 0], "rotation": 180, "texture": "#0"},
				"down": {"uv": [3, 8, 0, 11], "rotation": 180, "texture": "#0"}
			}
		},
		{
			"from": [7, 0, 1],
			"to": [10, 2, 4],
			"rotation": {"angle": 0, "axis": "y", "origin": [6, 0, 5]},
			"faces": {
				"north": {"uv": [0, 4, 3, 6], "texture": "#0"},
				"east": {"uv": [3, 4, 6, 6], "texture": "#0"},
				"south": {"uv": [0, 0, 3, 2], "texture": "#0"},
				"west": {"uv": [3, 0, 6, 2], "texture": "#0"},
				"up": {"uv": [9, 3, 6, 0], "rotation": 180, "texture": "#0"},
				"down": {"uv": [3, 8, 0, 11], "rotation": 180, "texture": "#0"}
			}
		},
		{
			"from": [12, 2, 5],
			"to": [14, 3, 7],
			"rotation": {"angle": 0, "axis": "y", "origin": [12, 0, 7]},
			"faces": {
				"north": {"uv": [0, 0, 2, 1], "texture": "#0"},
				"east": {"uv": [0, 0, 2, 1], "texture": "#0"},
				"south": {"uv": [0, 0, 2, 1], "texture": "#0"},
				"west": {"uv": [0, 0, 2, 1], "texture": "#0"},
				"up": {"uv": [0, 0, 2, 2], "rotation": 180, "texture": "#0"},
				"down": {"uv": [0, 0, 2, 2], "rotation": 180, "texture": "#0"}
			}
		},
		{
			"from": [12, 0, 4],
			"to": [15, 2, 7],
			"rotation": {"angle": 0, "axis": "y", "origin": [12, 0, 7]},
			"faces": {
				"north": {"uv": [0, 0, 3, 2], "texture": "#0"},
				"east": {"uv": [0, 0, 3, 2], "texture": "#0"},
				"south": {"uv": [0, 0, 3, 2], "texture": "#0"},
				"west": {"uv": [0, 0, 3, 2], "texture": "#0"},
				"up": {"uv": [0, 0, 3, 3], "rotation": 180, "texture": "#0"},
				"down": {"uv": [0, 0, 3, 3], "rotation": 180, "texture": "#0"}
			}
		},
		{
			"from": [6, 3, 8],
			"to": [7, 5, 10],
			"rotation": {"angle": 0, "axis": "z", "origin": [4, 5, 10]},
			"faces": {
				"north": {"uv": [0, 0, 2, 1], "rotation": 270, "texture": "#0"},
				"east": {"uv": [0, 0, 2, 2], "rotation": 270, "texture": "#0"},
				"south": {"uv": [0, 0, 2, 1], "rotation": 90, "texture": "#0"},
				"west": {"uv": [0, 0, 2, 2], "rotation": 270, "texture": "#0"},
				"up": {"uv": [0, 0, 2, 1], "rotation": 90, "texture": "#0"},
				"down": {"uv": [0, 0, 2, 1], "rotation": 90, "texture": "#0"}
			}
		},
		{
			"from": [4, 2, 7],
			"to": [6, 5, 10],
			"rotation": {"angle": 0, "axis": "z", "origin": [4, 5, 10]},
			"faces": {
				"north": {"uv": [0, 0, 3, 2], "rotation": 270, "texture": "#0"},
				"east": {"uv": [0, 0, 3, 3], "rotation": 270, "texture": "#0"},
				"south": {"uv": [0, 0, 3, 2], "rotation": 90, "texture": "#0"},
				"west": {"uv": [0, 0, 3, 3], "rotation": 270, "texture": "#0"},
				"up": {"uv": [0, 0, 3, 2], "rotation": 90, "texture": "#0"},
				"down": {"uv": [0, 0, 3, 2], "rotation": 90, "texture": "#0"}
			}
		},
		{
			"from": [8, -1, 11],
			"to": [11, 3, 14],
			"rotation": {"angle": 0, "axis": "y", "origin": [8, 0, 11]},
			"faces": {
				"north": {"uv": [0, 0, 3, 4], "texture": "#0"},
				"east": {"uv": [3, 0, 6, 4], "texture": "#0"},
				"south": {"uv": [0, 4, 3, 8], "texture": "#0"},
				"west": {"uv": [3, 4, 6, 8], "texture": "#0"},
				"up": {"uv": [9, 3, 6, 0], "texture": "#0"},
				"down": {"uv": [3, 8, 0, 11], "texture": "#0"}
			}
		},
		{
			"from": [7, 0, 12],
			"to": [10, 2, 15],
			"rotation": {"angle": 0, "axis": "y", "origin": [8, 0, 12]},
			"faces": {
				"north": {"uv": [0, 0, 3, 2], "texture": "#0"},
				"east": {"uv": [3, 0, 6, 2], "texture": "#0"},
				"south": {"uv": [0, 4, 3, 6], "texture": "#0"},
				"west": {"uv": [3, 4, 6, 6], "texture": "#0"},
				"up": {"uv": [9, 3, 6, 0], "texture": "#0"},
				"down": {"uv": [3, 8, 0, 11], "texture": "#0"}
			}
		},
		{
			"from": [12, 2, 7],
			"to": [14, 3, 9],
			"rotation": {"angle": 0, "axis": "y", "origin": [12, 0, 7]},
			"faces": {
				"north": {"uv": [0, 0, 2, 1], "texture": "#0"},
				"east": {"uv": [0, 0, 2, 1], "texture": "#0"},
				"south": {"uv": [0, 0, 2, 1], "texture": "#0"},
				"west": {"uv": [0, 0, 2, 1], "texture": "#0"},
				"up": {"uv": [0, 0, 2, 2], "rotation": 270, "texture": "#0"},
				"down": {"uv": [0, 0, 2, 2], "rotation": 90, "texture": "#0"}
			}
		},
		{
			"from": [12, 0, 7],
			"to": [15, 2, 10],
			"rotation": {"angle": 0, "axis": "y", "origin": [12, 0, 7]},
			"faces": {
				"north": {"uv": [0, 0, 3, 2], "texture": "#0"},
				"east": {"uv": [0, 0, 3, 2], "texture": "#0"},
				"south": {"uv": [0, 0, 3, 2], "texture": "#0"},
				"west": {"uv": [0, 0, 3, 2], "texture": "#0"},
				"up": {"uv": [0, 0, 3, 3], "rotation": 270, "texture": "#0"},
				"down": {"uv": [0, 0, 3, 3], "rotation": 90, "texture": "#0"}
			}
		},
		{
			"from": [11, 0, 12],
			"to": [13, 2, 13],
			"rotation": {"angle": 0, "axis": "y", "origin": [11, 0, 10]},
			"faces": {
				"north": {"uv": [0, 0, 2, 2], "texture": "#0"},
				"east": {"uv": [0, 0, 2, 1], "rotation": 270, "texture": "#0"},
				"south": {"uv": [0, 0, 2, 2], "rotation": 180, "texture": "#0"},
				"west": {"uv": [0, 0, 2, 1], "rotation": 90, "texture": "#0"},
				"up": {"uv": [0, 0, 2, 1], "rotation": 180, "texture": "#0"},
				"down": {"uv": [0, 0, 2, 1], "texture": "#0"}
			}
		},
		{
			"from": [11, 0, 10],
			"to": [14, 3, 12],
			"rotation": {"angle": 0, "axis": "y", "origin": [11, 0, 10]},
			"faces": {
				"north": {"uv": [0, 0, 3, 3], "texture": "#0"},
				"east": {"uv": [0, 0, 3, 2], "rotation": 270, "texture": "#0"},
				"south": {"uv": [0, 0, 3, 3], "rotation": 180, "texture": "#0"},
				"west": {"uv": [0, 0, 3, 2], "rotation": 90, "texture": "#0"},
				"up": {"uv": [0, 0, 3, 2], "rotation": 180, "texture": "#0"},
				"down": {"uv": [0, 0, 3, 2], "texture": "#0"}
			}
		},
		{
			"from": [8, 3, 11],
			"to": [10, 5, 12],
			"rotation": {"angle": 0, "axis": "y", "origin": [8, 3, 9]},
			"faces": {
				"north": {"uv": [0, 0, 2, 2], "texture": "#0"},
				"east": {"uv": [0, 0, 2, 1], "rotation": 270, "texture": "#0"},
				"south": {"uv": [0, 0, 2, 2], "rotation": 180, "texture": "#0"},
				"west": {"uv": [0, 0, 2, 1], "rotation": 90, "texture": "#0"},
				"up": {"uv": [0, 0, 2, 1], "rotation": 180, "texture": "#0"},
				"down": {"uv": [0, 0, 2, 1], "texture": "#0"}
			}
		},
		{
			"from": [8, 3, 9],
			"to": [11, 6, 11],
			"rotation": {"angle": 0, "axis": "y", "origin": [8, 3, 9]},
			"faces": {
				"north": {"uv": [0, 0, 3, 3], "texture": "#0"},
				"east": {"uv": [0, 0, 3, 2], "rotation": 270, "texture": "#0"},
				"south": {"uv": [0, 0, 3, 3], "rotation": 180, "texture": "#0"},
				"west": {"uv": [0, 0, 3, 2], "rotation": 90, "texture": "#0"},
				"up": {"uv": [0, 0, 3, 2], "rotation": 180, "texture": "#0"},
				"down": {"uv": [0, 0, 3, 2], "texture": "#0"}
			}
		},
		{
			"from": [6, 3, 4],
			"to": [8, 5, 5],
			"rotation": {"angle": 0, "axis": "y", "origin": [8, 3, 7]},
			"faces": {
				"north": {"uv": [0, 0, 2, 2], "rotation": 180, "texture": "#0"},
				"east": {"uv": [0, 0, 2, 1], "rotation": 90, "texture": "#0"},
				"south": {"uv": [0, 0, 2, 2], "texture": "#0"},
				"west": {"uv": [0, 0, 2, 1], "rotation": 270, "texture": "#0"},
				"up": {"uv": [0, 0, 2, 1], "texture": "#0"},
				"down": {"uv": [0, 0, 2, 1], "rotation": 180, "texture": "#0"}
			}
		},
		{
			"from": [5, 3, 5],
			"to": [8, 6, 7],
			"rotation": {"angle": 0, "axis": "y", "origin": [8, 3, 7]},
			"faces": {
				"north": {"uv": [0, 0, 3, 3], "rotation": 180, "texture": "#0"},
				"east": {"uv": [0, 0, 3, 2], "rotation": 90, "texture": "#0"},
				"south": {"uv": [0, 0, 3, 3], "texture": "#0"},
				"west": {"uv": [0, 0, 3, 2], "rotation": 270, "texture": "#0"},
				"up": {"uv": [0, 0, 3, 2], "texture": "#0"},
				"down": {"uv": [0, 0, 3, 2], "rotation": 180, "texture": "#0"}
			}
		},
		{
			"from": [12, 0, 2],
			"to": [13, 2, 4],
			"rotation": {"angle": 0, "axis": "y", "origin": [10, 0, 4]},
			"faces": {
				"north": {"uv": [0, 0, 2, 1], "rotation": 270, "texture": "#0"},
				"east": {"uv": [0, 0, 2, 2], "rotation": 180, "texture": "#0"},
				"south": {"uv": [0, 0, 2, 1], "rotation": 90, "texture": "#0"},
				"west": {"uv": [0, 0, 2, 2], "texture": "#0"},
				"up": {"uv": [0, 0, 2, 1], "rotation": 90, "texture": "#0"},
				"down": {"uv": [0, 0, 2, 1], "rotation": 90, "texture": "#0"}
			}
		},
		{
			"from": [10, 0, 1],
			"to": [12, 3, 4],
			"rotation": {"angle": 0, "axis": "y", "origin": [10, 0, 4]},
			"faces": {
				"north": {"uv": [0, 0, 3, 2], "rotation": 270, "texture": "#0"},
				"east": {"uv": [0, 0, 3, 3], "rotation": 180, "texture": "#0"},
				"south": {"uv": [0, 0, 3, 2], "rotation": 90, "texture": "#0"},
				"west": {"uv": [0, 0, 3, 3], "texture": "#0"},
				"up": {"uv": [0, 0, 3, 2], "rotation": 90, "texture": "#0"},
				"down": {"uv": [0, 0, 3, 2], "rotation": 90, "texture": "#0"}
			}
		}
	],
	"groups": [
		{
			"name": "rock 1",
			"origin": [7, 0, 7],
			"color": 0,
			"children": [0, 1]
		},
		{
			"name": "rock 2",
			"origin": [7, 0, 6],
			"color": 0,
			"children": [2, 3, 4]
		},
		{
			"name": "rock 3",
			"origin": [7, 0, 7],
			"color": 0,
			"children": [5, 6]
		},
		{
			"name": "rock 3",
			"origin": [7, 0, 7],
			"color": 0,
			"children": [7, 8]
		},
		{
			"name": "rock 2",
			"origin": [7, 0, 6],
			"color": 0,
			"children": [9, 10, 11]
		},
		{
			"name": "rock 3",
			"origin": [7, 0, 7],
			"color": 0,
			"children": [12, 13]
		},
		{
			"name": "rock 1",
			"origin": [7, 0, 7],
			"color": 0,
			"children": [14, 15]
		},
		{
			"name": "rock 1",
			"origin": [7, 0, 7],
			"color": 0,
			"children": [16, 17]
		},
		{
			"name": "rock 1",
			"origin": [7, 0, 7],
			"color": 0,
			"children": [18, 19]
		},
		{
			"name": "rock 3",
			"origin": [7, 0, 7],
			"color": 0,
			"children": [20, 21]
		},
		{
			"name": "rock 3",
			"origin": [7, 0, 7],
			"color": 0,
			"children": [22, 23]
		},
		{
			"name": "rock 1",
			"origin": [7, 0, 7],
			"color": 0,
			"children": [24, 25]
		},
		{
			"name": "rock 3",
			"origin": [7, 0, 7],
			"color": 0,
			"children": [26, 27]
		},
		{
			"name": "rock 3",
			"origin": [7, 0, 7],
			"color": 0,
			"children": [28, 29]
		},
		{
			"name": "rock 3",
			"origin": [7, 0, 7],
			"color": 0,
			"children": [30, 31]
		},
		{
			"name": "rock 3",
			"origin": [7, 0, 7],
			"color": 0,
			"children": [32, 33]
		},
		{
			"name": "rock 3",
			"origin": [7, 0, 7],
			"color": 0,
			"children": [34, 35]
		}
	]
}