{
	"credit": "Made with Blockbench",
	"textures": {
		"0": "heaps/coin_heap",
		"particle": "heaps/coin_heap"
	},
	"elements": [
		{
			"from": [7, 0, 7],
			"to": [9, 2, 9],
			"rotation": {"angle": 0, "axis": "x", "origin": [8, -0.15, 8]},
			"faces": {
				"north": {"uv": [2, 7, 2.5, 7.5], "texture": "#0"},
				"east": {"uv": [2.5, 7, 3, 7.5], "texture": "#0"},
				"south": {"uv": [7, 2.5, 7.5, 3], "texture": "#0"},
				"west": {"uv": [3, 7, 3.5, 7.5], "texture": "#0"},
				"up": {"uv": [7.5, 3.5, 7, 3], "texture": "#0"},
				"down": {"uv": [4, 7, 3.5, 7.5], "texture": "#0"}
			}
		},
		{
			"from": [8.09501, 0.22028, 7],
			"to": [14.09501, 2.22028, 9],
			"rotation": {"angle": -22.5, "axis": "z", "origin": [8, -0.15, 8]},
			"faces": {
				"north": {"uv": [3, 2, 4.5, 2.5], "texture": "#0"},
				"east": {"uv": [7, 3.5, 7.5, 4], "texture": "#0"},
				"south": {"uv": [3, 2.5, 4.5, 3], "texture": "#0"},
				"west": {"uv": [7, 4, 7.5, 4.5], "texture": "#0"},
				"up": {"uv": [4.5, 3.5, 3, 3], "texture": "#0"},
				"down": {"uv": [4.5, 3.5, 3, 4], "texture": "#0"}
			}
		},
		{
			"from": [10.09501, 0.22028, 5],
			"to": [14.09501, 2.22028, 7],
			"rotation": {"angle": -22.5, "axis": "z", "origin": [8, -0.15, 8]},
			"faces": {
				"north": {"uv": [5, 5, 6, 5.5], "texture": "#0"},
				"east": {"uv": [4.5, 7, 5, 7.5], "texture": "#0"},
				"south": {"uv": [4.5, 5.5, 5.5, 6], "texture": "#0"},
				"west": {"uv": [7, 4.5, 7.5, 5], "texture": "#0"},
				"up": {"uv": [6.5, 6, 5.5, 5.5], "texture": "#0"},
				"down": {"uv": [1, 6, 0, 6.5], "texture": "#0"}
			}
		},
		{
			"from": [12.09501, 0.22028, 3],
			"to": [14.09501, 2.22028, 5],
			"rotation": {"angle": -22.5, "axis": "z", "origin": [8, -0.15, 8]},
			"faces": {
				"north": {"uv": [5, 7, 5.5, 7.5], "texture": "#0"},
				"east": {"uv": [7, 5, 7.5, 5.5], "texture": "#0"},
				"south": {"uv": [5.5, 7, 6, 7.5], "texture": "#0"},
				"west": {"uv": [7, 5.5, 7.5, 6], "texture": "#0"},
				"up": {"uv": [6.5, 7.5, 6, 7], "texture": "#0"},
				"down": {"uv": [7.5, 6, 7, 6.5], "texture": "#0"}
			}
		},
		{
			"from": [10.09501, 0.22028, 9],
			"to": [14.09501, 2.22028, 11],
			"rotation": {"angle": -22.5, "axis": "z", "origin": [8, -0.15, 8]},
			"faces": {
				"north": {"uv": [6, 0, 7, 0.5], "texture": "#0"},
				"east": {"uv": [7, 6.5, 7.5, 7], "texture": "#0"},
				"south": {"uv": [6, 0.5, 7, 1], "texture": "#0"},
				"west": {"uv": [7, 7, 7.5, 7.5], "texture": "#0"},
				"up": {"uv": [2, 6.5, 1, 6], "texture": "#0"},
				"down": {"uv": [7, 1, 6, 1.5], "texture": "#0"}
			}
		},
		{
			"from": [12.09501, 0.22028, 11],
			"to": [14.09501, 2.22028, 13],
			"rotation": {"angle": -22.5, "axis": "z", "origin": [8, -0.15, 8]},
			"faces": {
				"north": {"uv": [0, 7.5, 0.5, 8], "texture": "#0"},
				"east": {"uv": [0.5, 7.5, 1, 8], "texture": "#0"},
				"south": {"uv": [7.5, 0.5, 8, 1], "texture": "#0"},
				"west": {"uv": [1, 7.5, 1.5, 8], "texture": "#0"},
				"up": {"uv": [8, 1.5, 7.5, 1], "texture": "#0"},
				"down": {"uv": [2, 7.5, 1.5, 8], "texture": "#0"}
			}
		},
		{
			"from": [1.90499, 0.22028, 7],
			"to": [7.90499, 2.22028, 9],
			"rotation": {"angle": 22.5, "axis": "z", "origin": [8, -0.15, 8]},
			"faces": {
				"north": {"uv": [3, 4, 4.5, 4.5], "texture": "#0"},
				"east": {"uv": [7.5, 1.5, 8, 2], "texture": "#0"},
				"south": {"uv": [4.5, 2, 6, 2.5], "texture": "#0"},
				"west": {"uv": [2, 7.5, 2.5, 8], "texture": "#0"},
				"up": {"uv": [6, 3, 4.5, 2.5], "texture": "#0"},
				"down": {"uv": [4.5, 4.5, 3, 5], "texture": "#0"}
			}
		},
		{
			"from": [1.90499, 0.22028, 5],
			"to": [5.90499, 2.22028, 7],
			"rotation": {"angle": 22.5, "axis": "z", "origin": [8, -0.15, 8]},
			"faces": {
				"north": {"uv": [6, 1.5, 7, 2], "texture": "#0"},
				"east": {"uv": [7.5, 2, 8, 2.5], "texture": "#0"},
				"south": {"uv": [2, 6, 3, 6.5], "texture": "#0"},
				"west": {"uv": [2.5, 7.5, 3, 8], "texture": "#0"},
				"up": {"uv": [7, 2.5, 6, 2], "texture": "#0"},
				"down": {"uv": [7, 2.5, 6, 3], "texture": "#0"}
			}
		},
		{
			"from": [1.90499, 0.22028, 3],
			"to": [3.90499, 2.22028, 5],
			"rotation": {"angle": 22.5, "axis": "z", "origin": [8, -0.15, 8]},
			"faces": {
				"north": {"uv": [7.5, 2.5, 8, 3], "texture": "#0"},
				"east": {"uv": [3, 7.5, 3.5, 8], "texture": "#0"},
				"south": {"uv": [7.5, 3, 8, 3.5], "texture": "#0"},
				"west": {"uv": [3.5, 7.5, 4, 8], "texture": "#0"},
				"up": {"uv": [8, 4, 7.5, 3.5], "texture": "#0"},
				"down": {"uv": [4.5, 7.5, 4, 8], "texture": "#0"}
			}
		},
		{
			"from": [1.90499, 0.22028, 9],
			"to": [5.90499, 2.22028, 11],
			"rotation": {"angle": 22.5, "axis": "z", "origin": [8, -0.15, 8]},
			"faces": {
				"north": {"uv": [6, 3, 7, 3.5], "texture": "#0"},
				"east": {"uv": [7.5, 4, 8, 4.5], "texture": "#0"},
				"south": {"uv": [6, 3.5, 7, 4], "texture": "#0"},
				"west": {"uv": [4.5, 7.5, 5, 8], "texture": "#0"},
				"up": {"uv": [5.5, 6.5, 4.5, 6], "texture": "#0"},
				"down": {"uv": [7, 5, 6, 5.5], "texture": "#0"}
			}
		},
		{
			"from": [1.90499, 0.22028, 11],
			"to": [3.90499, 2.22028, 13],
			"rotation": {"angle": 22.5, "axis": "z", "origin": [8, -0.15, 8]},
			"faces": {
				"north": {"uv": [7.5, 4.5, 8, 5], "texture": "#0"},
				"east": {"uv": [5, 7.5, 5.5, 8], "texture": "#0"},
				"south": {"uv": [7.5, 5, 8, 5.5], "texture": "#0"},
				"west": {"uv": [5.5, 7.5, 6, 8], "texture": "#0"},
				"up": {"uv": [8, 6, 7.5, 5.5], "texture": "#0"},
				"down": {"uv": [6.5, 7.5, 6, 8], "texture": "#0"}
			}
		},
		{
			"from": [7, 0.22028, 1.90499],
			"to": [9, 2.22028, 7.90499],
			"rotation": {"angle": -22.5, "axis": "x", "origin": [7.925, -0.15, 8]},
			"faces": {
				"north": {"uv": [7.5, 6, 8, 6.5], "texture": "#0"},
				"east": {"uv": [4.5, 3, 6, 3.5], "texture": "#0"},
				"south": {"uv": [6.5, 7.5, 7, 8], "texture": "#0"},
				"west": {"uv": [4.5, 3.5, 6, 4], "texture": "#0"},
				"up": {"uv": [5, 5.5, 4.5, 4], "texture": "#0"},
				"down": {"uv": [3.5, 5, 3, 6.5], "texture": "#0"}
			}
		},
		{
			"from": [9, 0.22028, 1.90499],
			"to": [11, 2.22028, 5.90499],
			"rotation": {"angle": -22.5, "axis": "x", "origin": [7.925, -0.15, 8]},
			"faces": {
				"north": {"uv": [7.5, 6.5, 8, 7], "texture": "#0"},
				"east": {"uv": [5.5, 6, 6.5, 6.5], "texture": "#0"},
				"south": {"uv": [7, 7.5, 7.5, 8], "texture": "#0"},
				"west": {"uv": [0, 6.5, 1, 7], "texture": "#0"},
				"up": {"uv": [1.5, 7.5, 1, 6.5], "texture": "#0"},
				"down": {"uv": [2, 6.5, 1.5, 7.5], "texture": "#0"}
			}
		},
		{
			"from": [3, 0.22028, 1.90499],
			"to": [5, 2.22028, 3.90499],
			"rotation": {"angle": -22.5, "axis": "x", "origin": [7.925, -0.15, 8]},
			"faces": {
				"north": {"uv": [7.5, 7, 8, 7.5], "texture": "#0"},
				"east": {"uv": [7.5, 7.5, 8, 8], "texture": "#0"},
				"south": {"uv": [0, 8, 0.5, 8.5], "texture": "#0"},
				"west": {"uv": [8, 0, 8.5, 0.5], "texture": "#0"},
				"up": {"uv": [1, 8.5, 0.5, 8], "texture": "#0"},
				"down": {"uv": [8.5, 0.5, 8, 1], "texture": "#0"}
			}
		},
		{
			"from": [5, 0.22028, 1.90499],
			"to": [7, 2.22028, 5.90499],
			"rotation": {"angle": -22.5, "axis": "x", "origin": [7.925, -0.15, 8]},
			"faces": {
				"north": {"uv": [1, 8, 1.5, 8.5], "texture": "#0"},
				"east": {"uv": [2, 6.5, 3, 7], "texture": "#0"},
				"south": {"uv": [8, 1, 8.5, 1.5], "texture": "#0"},
				"west": {"uv": [3, 6.5, 4, 7], "texture": "#0"},
				"up": {"uv": [4.5, 7.5, 4, 6.5], "texture": "#0"},
				"down": {"uv": [7, 4, 6.5, 5], "texture": "#0"}
			}
		},
		{
			"from": [11, 0.22028, 1.90499],
			"to": [13, 2.22028, 3.90499],
			"rotation": {"angle": -22.5, "axis": "x", "origin": [7.925, -0.15, 8]},
			"faces": {
				"north": {"uv": [1.5, 8, 2, 8.5], "texture": "#0"},
				"east": {"uv": [8, 1.5, 8.5, 2], "texture": "#0"},
				"south": {"uv": [2, 8, 2.5, 8.5], "texture": "#0"},
				"west": {"uv": [8, 2, 8.5, 2.5], "texture": "#0"},
				"up": {"uv": [3, 8.5, 2.5, 8], "texture": "#0"},
				"down": {"uv": [8.5, 2.5, 8, 3], "texture": "#0"}
			}
		},
		{
			"from": [7, 0.22604, 8.10306],
			"to": [9, 2.22604, 14.10306],
			"rotation": {"angle": 22.5, "axis": "x", "origin": [7.925, -0.15, 8]},
			"faces": {
				"north": {"uv": [3, 8, 3.5, 8.5], "texture": "#0"},
				"east": {"uv": [5, 4, 6.5, 4.5], "texture": "#0"},
				"south": {"uv": [8, 3, 8.5, 3.5], "texture": "#0"},
				"west": {"uv": [5, 4.5, 6.5, 5], "texture": "#0"},
				"up": {"uv": [4, 6.5, 3.5, 5], "texture": "#0"},
				"down": {"uv": [4.5, 5, 4, 6.5], "texture": "#0"}
			}
		},
		{
			"from": [5, 0.22604, 10.10306],
			"to": [7, 2.22604, 14.10306],
			"rotation": {"angle": 22.5, "axis": "x", "origin": [7.925, -0.15, 8]},
			"faces": {
				"north": {"uv": [3.5, 8, 4, 8.5], "texture": "#0"},
				"east": {"uv": [4.5, 6.5, 5.5, 7], "texture": "#0"},
				"south": {"uv": [8, 3.5, 8.5, 4], "texture": "#0"},
				"west": {"uv": [5.5, 6.5, 6.5, 7], "texture": "#0"},
				"up": {"uv": [7, 6.5, 6.5, 5.5], "texture": "#0"},
				"down": {"uv": [7, 6.5, 6.5, 7.5], "texture": "#0"}
			}
		},
		{
			"from": [3, 0.22604, 12.10306],
			"to": [5, 2.22604, 14.10306],
			"rotation": {"angle": 22.5, "axis": "x", "origin": [7.925, -0.15, 8]},
			"faces": {
				"north": {"uv": [4, 8, 4.5, 8.5], "texture": "#0"},
				"east": {"uv": [8, 4, 8.5, 4.5], "texture": "#0"},
				"south": {"uv": [4.5, 8, 5, 8.5], "texture": "#0"},
				"west": {"uv": [8, 4.5, 8.5, 5], "texture": "#0"},
				"up": {"uv": [5.5, 8.5, 5, 8], "texture": "#0"},
				"down": {"uv": [8.5, 5, 8, 5.5], "texture": "#0"}
			}
		},
		{
			"from": [9, 0.22604, 10.10306],
			"to": [11, 2.22604, 14.10306],
			"rotation": {"angle": 22.5, "axis": "x", "origin": [7.925, -0.15, 8]},
			"faces": {
				"north": {"uv": [5.5, 8, 6, 8.5], "texture": "#0"},
				"east": {"uv": [0, 7, 1, 7.5], "texture": "#0"},
				"south": {"uv": [8, 5.5, 8.5, 6], "texture": "#0"},
				"west": {"uv": [7, 0, 8, 0.5], "texture": "#0"},
				"up": {"uv": [7.5, 1.5, 7, 0.5], "texture": "#0"},
				"down": {"uv": [7.5, 1.5, 7, 2.5], "texture": "#0"}
			}
		},
		{
			"from": [11, 0.22604, 12.10306],
			"to": [13, 2.22604, 14.10306],
			"rotation": {"angle": 22.5, "axis": "x", "origin": [7.925, -0.15, 8]},
			"faces": {
				"north": {"uv": [6, 8, 6.5, 8.5], "texture": "#0"},
				"east": {"uv": [8, 6, 8.5, 6.5], "texture": "#0"},
				"south": {"uv": [6.5, 8, 7, 8.5], "texture": "#0"},
				"west": {"uv": [8, 6.5, 8.5, 7], "texture": "#0"},
				"up": {"uv": [7.5, 8.5, 7, 8], "texture": "#0"},
				"down": {"uv": [8.5, 7, 8, 7.5], "texture": "#0"}
			}
		},
		{
			"from": [10.675, -1.525, 10.75],
			"to": [12.675, 0.475, 12.75],
			"rotation": {"angle": 0, "axis": "x", "origin": [8, -0.15, 8]},
			"faces": {
				"north": {"uv": [7.5, 8, 8, 8.5], "texture": "#0"},
				"east": {"uv": [8, 7.5, 8.5, 8], "texture": "#0"},
				"south": {"uv": [8, 8, 8.5, 8.5], "texture": "#0"},
				"west": {"uv": [0, 8.5, 0.5, 9], "texture": "#0"},
				"up": {"uv": [9, 0.5, 8.5, 0], "texture": "#0"},
				"down": {"uv": [1, 8.5, 0.5, 9], "texture": "#0"}
			}
		},
		{
			"from": [8.85, -0.775, 8.875],
			"to": [10.85, 1.225, 10.875],
			"rotation": {"angle": 0, "axis": "x", "origin": [8, -0.15, 8]},
			"faces": {
				"north": {"uv": [8.5, 0.5, 9, 1], "texture": "#0"},
				"east": {"uv": [1, 8.5, 1.5, 9], "texture": "#0"},
				"south": {"uv": [8.5, 1, 9, 1.5], "texture": "#0"},
				"west": {"uv": [1.5, 8.5, 2, 9], "texture": "#0"},
				"up": {"uv": [9, 2, 8.5, 1.5], "texture": "#0"},
				"down": {"uv": [2.5, 8.5, 2, 9], "texture": "#0"}
			}
		},
		{
			"from": [8.85, -0.775, 5.15],
			"to": [10.85, 1.225, 7.15],
			"rotation": {"angle": 0, "axis": "x", "origin": [8, -0.15, 8.025]},
			"faces": {
				"north": {"uv": [8.5, 2, 9, 2.5], "texture": "#0"},
				"east": {"uv": [2.5, 8.5, 3, 9], "texture": "#0"},
				"south": {"uv": [8.5, 2.5, 9, 3], "texture": "#0"},
				"west": {"uv": [3, 8.5, 3.5, 9], "texture": "#0"},
				"up": {"uv": [9, 3.5, 8.5, 3], "texture": "#0"},
				"down": {"uv": [4, 8.5, 3.5, 9], "texture": "#0"}
			}
		},
		{
			"from": [10.7, -1.525, 3.3],
			"to": [12.7, 0.475, 5.3],
			"rotation": {"angle": 0, "axis": "x", "origin": [8.025, -0.15, 7.975]},
			"faces": {
				"north": {"uv": [8.5, 3.5, 9, 4], "texture": "#0"},
				"east": {"uv": [4, 8.5, 4.5, 9], "texture": "#0"},
				"south": {"uv": [8.5, 4, 9, 4.5], "texture": "#0"},
				"west": {"uv": [4.5, 8.5, 5, 9], "texture": "#0"},
				"up": {"uv": [9, 5, 8.5, 4.5], "texture": "#0"},
				"down": {"uv": [5.5, 8.5, 5, 9], "texture": "#0"}
			}
		},
		{
			"from": [5.175, -0.775, 5.15],
			"to": [7.175, 1.225, 7.15],
			"rotation": {"angle": 0, "axis": "x", "origin": [8.075, -0.15, 8.025]},
			"faces": {
				"north": {"uv": [8.5, 5, 9, 5.5], "texture": "#0"},
				"east": {"uv": [5.5, 8.5, 6, 9], "texture": "#0"},
				"south": {"uv": [8.5, 5.5, 9, 6], "texture": "#0"},
				"west": {"uv": [6, 8.5, 6.5, 9], "texture": "#0"},
				"up": {"uv": [9, 6.5, 8.5, 6], "texture": "#0"},
				"down": {"uv": [7, 8.5, 6.5, 9], "texture": "#0"}
			}
		},
		{
			"from": [3.325, -1.525, 3.325],
			"to": [5.325, 0.475, 5.325],
			"rotation": {"angle": 0, "axis": "x", "origin": [8, -0.15, 8]},
			"faces": {
				"north": {"uv": [8.5, 6.5, 9, 7], "texture": "#0"},
				"east": {"uv": [7, 8.5, 7.5, 9], "texture": "#0"},
				"south": {"uv": [8.5, 7, 9, 7.5], "texture": "#0"},
				"west": {"uv": [7.5, 8.5, 8, 9], "texture": "#0"},
				"up": {"uv": [9, 8, 8.5, 7.5], "texture": "#0"},
				"down": {"uv": [8.5, 8.5, 8, 9], "texture": "#0"}
			}
		},
		{
			"from": [3.325, -1.525, 10.675],
			"to": [5.325, 0.475, 12.675],
			"rotation": {"angle": 0, "axis": "x", "origin": [8, -0.15, 8]},
			"faces": {
				"north": {"uv": [8.5, 8, 9, 8.5], "texture": "#0"},
				"east": {"uv": [8.5, 8.5, 9, 9], "texture": "#0"},
				"south": {"uv": [0, 9, 0.5, 9.5], "texture": "#0"},
				"west": {"uv": [9, 0, 9.5, 0.5], "texture": "#0"},
				"up": {"uv": [1, 9.5, 0.5, 9], "texture": "#0"},
				"down": {"uv": [9.5, 0.5, 9, 1], "texture": "#0"}
			}
		},
		{
			"from": [5.15, -0.775, 8.875],
			"to": [7.15, 1.225, 10.875],
			"rotation": {"angle": 0, "axis": "x", "origin": [8.05, -0.15, 8]},
			"faces": {
				"north": {"uv": [1, 9, 1.5, 9.5], "texture": "#0"},
				"east": {"uv": [9, 1, 9.5, 1.5], "texture": "#0"},
				"south": {"uv": [1.5, 9, 2, 9.5], "texture": "#0"},
				"west": {"uv": [9, 1.5, 9.5, 2], "texture": "#0"},
				"up": {"uv": [2.5, 9.5, 2, 9], "texture": "#0"},
				"down": {"uv": [9.5, 2, 9, 2.5], "texture": "#0"}
			}
		},
		{
			"from": [2.25, -2.1, 2.25],
			"to": [13.75, -0.1, 13.75],
			"rotation": {"angle": 0, "axis": "x", "origin": [8, -0.1, 8]},
			"faces": {
				"north": {"uv": [3, 0, 6, 0.5], "texture": "#0"},
				"east": {"uv": [3, 0.5, 6, 1], "texture": "#0"},
				"south": {"uv": [3, 1, 6, 1.5], "texture": "#0"},
				"west": {"uv": [3, 1.5, 6, 2], "texture": "#0"},
				"up": {"uv": [3, 3, 0, 0], "texture": "#0"},
				"down": {"uv": [3, 3, 0, 6], "texture": "#0"}
			}
		}
	],
	"groups": [
		{
			"name": "pile",
			"origin": [8, 8, 8],
			"color": 0,
			"children": [0, 1, 2, 3, 4, 5, 6, 7, 8, 9, 10, 11, 12, 13, 14, 15, 16, 17, 18, 19, 20, 21, 22, 23, 24, 25, 26, 27, 28, 29]
		}
	]
}