{
	"credit": "Made with Blockbench",
	"texture_size": [32, 32],
	"textures": {
		"0": "produce/apple",
		"particle": "produce/apple"
	},
	"elements": [
		{
			"from": [12.00736, 5, 15.68934],
			"to": [14.00736, 7, 15.68934],
			"rotation": {"angle": -45, "axis": "y", "origin": [16.25, 0, 15.75]},
			"faces": {
				"north": {"uv": [3, 5, 4, 6], "texture": "#0"},
				"east": {"uv": [0, 0, 0, 1], "texture": "#0"},
				"south": {"uv": [3, 5, 4, 6], "rotation": 90, "texture": "#0"},
				"west": {"uv": [0, 0, 0, 1], "texture": "#0"},
				"up": {"uv": [1, 0, 0, 0], "texture": "#0"},
				"down": {"uv": [1, 0, 0, 0], "texture": "#0"}
			}
		},
		{
			"from": [12, 0, 12],
			"to": [15, 4, 15],
			"rotation": {"angle": 0, "axis": "y", "origin": [16.25, 0, 15.75]},
			"faces": {
				"north": {"uv": [0, 4.5, 1.5, 6.5], "texture": "#0"},
				"east": {"uv": [0, 4.5, 1.5, 6.5], "texture": "#0"},
				"south": {"uv": [0, 4.5, 1.5, 6.5], "texture": "#0"},
				"west": {"uv": [0, 4.5, 1.5, 6.5], "texture": "#0"},
				"up": {"uv": [1.5, 8, 0, 6.5], "rotation": 90, "texture": "#0"},
				"down": {"uv": [8, 0, 6.5, 1.5], "rotation": 270, "texture": "#0"}
			}
		},
		{
			"from": [11, 1, 12],
			"to": [16, 4, 15],
			"rotation": {"angle": 0, "axis": "y", "origin": [16.25, 0, 15.75]},
			"faces": {
				"north": {"uv": [0, 0, 2.5, 1.5], "texture": "#0"},
				"east": {"uv": [6.5, 1.5, 8, 3], "texture": "#0"},
				"south": {"uv": [0, 0, 2.5, 1.5], "texture": "#0"},
				"west": {"uv": [6.5, 1.5, 8, 3], "texture": "#0"},
				"up": {"uv": [4, 2.5, 2.5, 0], "rotation": 90, "texture": "#0"},
				"down": {"uv": [4, 2.5, 2.5, 5], "rotation": 270, "texture": "#0"}
			}
		},
		{
			"from": [12, 1, 11],
			"to": [15, 4, 16],
			"rotation": {"angle": 0, "axis": "y", "origin": [16.25, 0, 15.75]},
			"faces": {
				"north": {"uv": [6.5, 1.5, 8, 3], "texture": "#0"},
				"east": {"uv": [0, 0, 2.5, 1.5], "texture": "#0"},
				"south": {"uv": [6.5, 1.5, 8, 3], "texture": "#0"},
				"west": {"uv": [0, 0, 2.5, 1.5], "texture": "#0"},
				"up": {"uv": [6.5, 3, 4, 1.5], "rotation": 90, "texture": "#0"},
				"down": {"uv": [6.5, 3, 4, 4.5], "rotation": 270, "texture": "#0"}
			}
		},
		{
			"from": [12, 4, 13],
			"to": [14, 5, 15],
			"rotation": {"angle": 0, "axis": "y", "origin": [16.25, 0, 15.75]},
			"faces": {
				"north": {"uv": [0, 8, 1, 8.5], "texture": "#0"},
				"east": {"uv": [1.5, 4.5, 2.5, 5], "texture": "#0"},
				"south": {"uv": [0, 8, 1, 8.5], "texture": "#0"},
				"west": {"uv": [6, 7.5, 7, 8], "texture": "#0"},
				"up": {"uv": [2.5, 8, 1.5, 7], "rotation": 90, "texture": "#0"},
				"down": {"uv": [8, 4.5, 7, 5.5], "rotation": 270, "texture": "#0"}
			}
		},
		{
			"from": [13, 4, 12],
			"to": [15, 5, 14],
			"rotation": {"angle": 0, "axis": "y", "origin": [16.25, 0, 15.75]},
			"faces": {
				"north": {"uv": [0, 8, 1, 8.5], "texture": "#0"},
				"east": {"uv": [0, 8, 1, 8.5], "texture": "#0"},
				"south": {"uv": [0, 8, 1, 8.5], "texture": "#0"},
				"west": {"uv": [0, 8, 1, 8.5], "texture": "#0"},
				"up": {"uv": [8, 6.5, 7, 5.5], "rotation": 90, "texture": "#0"},
				"down": {"uv": [8, 6.5, 7, 7.5], "rotation": 270, "texture": "#0"}
			}
		},
		{
			"from": [4.52208, 5, 22.58883],
			"to": [4.52208, 7, 24.58883],
			"rotation": {"angle": -45, "axis": "y", "origin": [16.25, 0, 15.75]},
			"faces": {
				"north": {"uv": [0, 0, 0, 1], "texture": "#0"},
				"east": {"uv": [3, 5, 4, 6], "rotation": 90, "texture": "#0"},
				"south": {"uv": [0, 0, 0, 1], "texture": "#0"},
				"west": {"uv": [3, 5, 4, 6], "texture": "#0"},
				"up": {"uv": [1, 0, 0, 0], "rotation": 270, "texture": "#0"},
				"down": {"uv": [1, 0, 0, 0], "rotation": 90, "texture": "#0"}
			}
		},
		{
			"from": [1, 0, 12],
			"to": [4, 4, 15],
			"rotation": {"angle": 0, "axis": "y", "origin": [16.25, 0, 15.75]},
			"faces": {
				"north": {"uv": [0, 4.5, 1.5, 6.5], "texture": "#0"},
				"east": {"uv": [0, 4.5, 1.5, 6.5], "texture": "#0"},
				"south": {"uv": [0, 4.5, 1.5, 6.5], "texture": "#0"},
				"west": {"uv": [0, 4.5, 1.5, 6.5], "texture": "#0"},
				"up": {"uv": [1.5, 8, 0, 6.5], "texture": "#0"},
				"down": {"uv": [8, 0, 6.5, 1.5], "texture": "#0"}
			}
		},
		{
			"from": [1, 1, 11],
			"to": [4, 4, 16],
			"rotation": {"angle": 0, "axis": "y", "origin": [16.25, 0, 15.75]},
			"faces": {
				"north": {"uv": [6.5, 1.5, 8, 3], "texture": "#0"},
				"east": {"uv": [0, 0, 2.5, 1.5], "texture": "#0"},
				"south": {"uv": [6.5, 1.5, 8, 3], "texture": "#0"},
				"west": {"uv": [0, 0, 2.5, 1.5], "texture": "#0"},
				"up": {"uv": [4, 2.5, 2.5, 0], "texture": "#0"},
				"down": {"uv": [4, 2.5, 2.5, 5], "texture": "#0"}
			}
		},
		{
			"from": [0, 1, 12],
			"to": [5, 4, 15],
			"rotation": {"angle": 0, "axis": "y", "origin": [16.25, 0, 15.75]},
			"faces": {
				"north": {"uv": [0, 0, 2.5, 1.5], "texture": "#0"},
				"east": {"uv": [6.5, 1.5, 8, 3], "texture": "#0"},
				"south": {"uv": [0, 0, 2.5, 1.5], "texture": "#0"},
				"west": {"uv": [6.5, 1.5, 8, 3], "texture": "#0"},
				"up": {"uv": [6.5, 3, 4, 1.5], "texture": "#0"},
				"down": {"uv": [6.5, 3, 4, 4.5], "texture": "#0"}
			}
		},
		{
			"from": [2, 4, 13],
			"to": [4, 5, 15],
			"rotation": {"angle": 0, "axis": "y", "origin": [16.25, 0, 15.75]},
			"faces": {
				"north": {"uv": [1.5, 4.5, 2.5, 5], "texture": "#0"},
				"east": {"uv": [0, 8, 1, 8.5], "texture": "#0"},
				"south": {"uv": [6, 7.5, 7, 8], "texture": "#0"},
				"west": {"uv": [0, 8, 1, 8.5], "texture": "#0"},
				"up": {"uv": [2.5, 8, 1.5, 7], "texture": "#0"},
				"down": {"uv": [8, 4.5, 7, 5.5], "texture": "#0"}
			}
		},
		{
			"from": [1, 4, 12],
			"to": [3, 5, 14],
			"rotation": {"angle": 0, "axis": "y", "origin": [16.25, 0, 15.75]},
			"faces": {
				"north": {"uv": [0, 8, 1, 8.5], "texture": "#0"},
				"east": {"uv": [0, 8, 1, 8.5], "texture": "#0"},
				"south": {"uv": [0, 8, 1, 8.5], "texture": "#0"},
				"west": {"uv": [0, 8, 1, 8.5], "texture": "#0"},
				"up": {"uv": [8, 6.5, 7, 5.5], "texture": "#0"},
				"down": {"uv": [8, 6.5, 7, 7.5], "texture": "#0"}
			}
		},
		{
			"from": [5.35051, 5, 7.61827],
			"to": [5.35051, 7, 9.61827],
			"rotation": {"angle": -45, "axis": "y", "origin": [16.25, 0, 15.75]},
			"faces": {
				"north": {"uv": [0, 0, 0, 1], "texture": "#0"},
				"east": {"uv": [3, 5, 4, 6], "texture": "#0"},
				"south": {"uv": [0, 0, 0, 1], "texture": "#0"},
				"west": {"uv": [3, 5, 4, 6], "rotation": 90, "texture": "#0"},
				"up": {"uv": [1, 0, 0, 0], "rotation": 90, "texture": "#0"},
				"down": {"uv": [1, 0, 0, 0], "rotation": 270, "texture": "#0"}
			}
		},
		{
			"from": [12, 0, 1],
			"to": [15, 4, 4],
			"rotation": {"angle": 0, "axis": "y", "origin": [16.25, 0, 15.75]},
			"faces": {
				"north": {"uv": [0, 4.5, 1.5, 6.5], "texture": "#0"},
				"east": {"uv": [0, 4.5, 1.5, 6.5], "texture": "#0"},
				"south": {"uv": [0, 4.5, 1.5, 6.5], "texture": "#0"},
				"west": {"uv": [0, 4.5, 1.5, 6.5], "texture": "#0"},
				"up": {"uv": [1.5, 8, 0, 6.5], "rotation": 180, "texture": "#0"},
				"down": {"uv": [8, 0, 6.5, 1.5], "rotation": 180, "texture": "#0"}
			}
		},
		{
			"from": [12, 1, 0],
			"to": [15, 4, 5],
			"rotation": {"angle": 0, "axis": "y", "origin": [16.25, 0, 15.75]},
			"faces": {
				"north": {"uv": [6.5, 1.5, 8, 3], "texture": "#0"},
				"east": {"uv": [0, 0, 2.5, 1.5], "texture": "#0"},
				"south": {"uv": [6.5, 1.5, 8, 3], "texture": "#0"},
				"west": {"uv": [0, 0, 2.5, 1.5], "texture": "#0"},
				"up": {"uv": [4, 2.5, 2.5, 0], "rotation": 180, "texture": "#0"},
				"down": {"uv": [4, 2.5, 2.5, 5], "rotation": 180, "texture": "#0"}
			}
		},
		{
			"from": [11, 1, 1],
			"to": [16, 4, 4],
			"rotation": {"angle": 0, "axis": "y", "origin": [16.25, 0, 15.75]},
			"faces": {
				"north": {"uv": [0, 0, 2.5, 1.5], "texture": "#0"},
				"east": {"uv": [6.5, 1.5, 8, 3], "texture": "#0"},
				"south": {"uv": [0, 0, 2.5, 1.5], "texture": "#0"},
				"west": {"uv": [6.5, 1.5, 8, 3], "texture": "#0"},
				"up": {"uv": [6.5, 3, 4, 1.5], "rotation": 180, "texture": "#0"},
				"down": {"uv": [6.5, 3, 4, 4.5], "rotation": 180, "texture": "#0"}
			}
		},
		{
			"from": [12, 4, 1],
			"to": [14, 5, 3],
			"rotation": {"angle": 0, "axis": "y", "origin": [16.25, 0, 15.75]},
			"faces": {
				"north": {"uv": [6, 7.5, 7, 8], "texture": "#0"},
				"east": {"uv": [0, 8, 1, 8.5], "texture": "#0"},
				"south": {"uv": [1.5, 4.5, 2.5, 5], "texture": "#0"},
				"west": {"uv": [0, 8, 1, 8.5], "texture": "#0"},
				"up": {"uv": [2.5, 8, 1.5, 7], "rotation": 180, "texture": "#0"},
				"down": {"uv": [8, 4.5, 7, 5.5], "rotation": 180, "texture": "#0"}
			}
		},
		{
			"from": [13, 4, 2],
			"to": [15, 5, 4],
			"rotation": {"angle": 0, "axis": "y", "origin": [16.25, 0, 15.75]},
			"faces": {
				"north": {"uv": [0, 8, 1, 8.5], "texture": "#0"},
				"east": {"uv": [0, 8, 1, 8.5], "texture": "#0"},
				"south": {"uv": [0, 8, 1, 8.5], "texture": "#0"},
				"west": {"uv": [0, 8, 1, 8.5], "texture": "#0"},
				"up": {"uv": [8, 6.5, 7, 5.5], "rotation": 180, "texture": "#0"},
				"down": {"uv": [8, 6.5, 7, 7.5], "rotation": 180, "texture": "#0"}
			}
		},
		{
			"from": [-4.13478, 5, 16.51777],
			"to": [-2.13478, 7, 16.51777],
			"rotation": {"angle": -45, "axis": "y", "origin": [16.25, 0, 15.75]},
			"faces": {
				"north": {"uv": [3, 5, 4, 6], "rotation": 90, "texture": "#0"},
				"east": {"uv": [0, 0, 0, 1], "texture": "#0"},
				"south": {"uv": [3, 5, 4, 6], "texture": "#0"},
				"west": {"uv": [0, 0, 0, 1], "texture": "#0"},
				"up": {"uv": [1, 0, 0, 0], "rotation": 180, "texture": "#0"},
				"down": {"uv": [1, 0, 0, 0], "rotation": 180, "texture": "#0"}
			}
		},
		{
			"from": [1, 0, 1],
			"to": [4, 4, 4],
			"rotation": {"angle": 0, "axis": "y", "origin": [16.25, 0, 15.75]},
			"faces": {
				"north": {"uv": [0, 4.5, 1.5, 6.5], "texture": "#0"},
				"east": {"uv": [0, 4.5, 1.5, 6.5], "texture": "#0"},
				"south": {"uv": [0, 4.5, 1.5, 6.5], "texture": "#0"},
				"west": {"uv": [0, 4.5, 1.5, 6.5], "texture": "#0"},
				"up": {"uv": [1.5, 8, 0, 6.5], "rotation": 270, "texture": "#0"},
				"down": {"uv": [8, 0, 6.5, 1.5], "rotation": 90, "texture": "#0"}
			}
		},
		{
			"from": [0, 1, 1],
			"to": [5, 4, 4],
			"rotation": {"angle": 0, "axis": "y", "origin": [16.25, 0, 15.75]},
			"faces": {
				"north": {"uv": [0, 0, 2.5, 1.5], "texture": "#0"},
				"east": {"uv": [6.5, 1.5, 8, 3], "texture": "#0"},
				"south": {"uv": [0, 0, 2.5, 1.5], "texture": "#0"},
				"west": {"uv": [6.5, 1.5, 8, 3], "texture": "#0"},
				"up": {"uv": [4, 2.5, 2.5, 0], "rotation": 270, "texture": "#0"},
				"down": {"uv": [4, 2.5, 2.5, 5], "rotation": 90, "texture": "#0"}
			}
		},
		{
			"from": [1, 1, 0],
			"to": [4, 4, 5],
			"rotation": {"angle": 0, "axis": "y", "origin": [16.25, 0, 15.75]},
			"faces": {
				"north": {"uv": [6.5, 1.5, 8, 3], "texture": "#0"},
				"east": {"uv": [0, 0, 2.5, 1.5], "texture": "#0"},
				"south": {"uv": [6.5, 1.5, 8, 3], "texture": "#0"},
				"west": {"uv": [0, 0, 2.5, 1.5], "texture": "#0"},
				"up": {"uv": [6.5, 3, 4, 1.5], "rotation": 270, "texture": "#0"},
				"down": {"uv": [6.5, 3, 4, 4.5], "rotation": 90, "texture": "#0"}
			}
		},
		{
			"from": [2, 4, 1],
			"to": [4, 5, 3],
			"rotation": {"angle": 0, "axis": "y", "origin": [16.25, 0, 15.75]},
			"faces": {
				"north": {"uv": [0, 8, 1, 8.5], "texture": "#0"},
				"east": {"uv": [6, 7.5, 7, 8], "texture": "#0"},
				"south": {"uv": [0, 8, 1, 8.5], "texture": "#0"},
				"west": {"uv": [1.5, 4.5, 2.5, 5], "texture": "#0"},
				"up": {"uv": [2.5, 8, 1.5, 7], "rotation": 270, "texture": "#0"},
				"down": {"uv": [8, 4.5, 7, 5.5], "rotation": 90, "texture": "#0"}
			}
		},
		{
			"from": [1, 4, 2],
			"to": [3, 5, 4],
			"rotation": {"angle": 0, "axis": "y", "origin": [16.25, 0, 15.75]},
			"faces": {
				"north": {"uv": [0, 8, 1, 8.5], "texture": "#0"},
				"east": {"uv": [0, 8, 1, 8.5], "texture": "#0"},
				"south": {"uv": [0, 8, 1, 8.5], "texture": "#0"},
				"west": {"uv": [0, 8, 1, 8.5], "texture": "#0"},
				"up": {"uv": [8, 6.5, 7, 5.5], "rotation": 270, "texture": "#0"},
				"down": {"uv": [8, 6.5, 7, 7.5], "rotation": 90, "texture": "#0"}
			}
		},
		{
			"from": [9.23959, 5, 19.28553],
			"to": [9.23959, 7, 21.28553],
			"rotation": {"angle": -45, "axis": "y", "origin": [16.25, 0, 15.75]},
			"faces": {
				"north": {"uv": [0, 0, 0, 1], "texture": "#0"},
				"east": {"uv": [3, 5, 4, 6], "texture": "#0"},
				"south": {"uv": [0, 0, 0, 1], "texture": "#0"},
				"west": {"uv": [3, 5, 4, 6], "rotation": 90, "texture": "#0"},
				"up": {"uv": [1, 0, 0, 0], "rotation": 90, "texture": "#0"},
				"down": {"uv": [1, 0, 0, 0], "rotation": 270, "texture": "#0"}
			}
		},
		{
			"from": [6.5, 0, 12],
			"to": [9.5, 4, 15],
			"rotation": {"angle": 0, "axis": "y", "origin": [16.25, 0, 15.75]},
			"faces": {
				"north": {"uv": [0, 4.5, 1.5, 6.5], "texture": "#0"},
				"east": {"uv": [0, 4.5, 1.5, 6.5], "texture": "#0"},
				"south": {"uv": [0, 4.5, 1.5, 6.5], "texture": "#0"},
				"west": {"uv": [0, 4.5, 1.5, 6.5], "texture": "#0"},
				"up": {"uv": [1.5, 8, 0, 6.5], "rotation": 180, "texture": "#0"},
				"down": {"uv": [8, 0, 6.5, 1.5], "rotation": 180, "texture": "#0"}
			}
		},
		{
			"from": [6.5, 1, 11],
			"to": [9.5, 4, 16],
			"rotation": {"angle": 0, "axis": "y", "origin": [16.25, 0, 15.75]},
			"faces": {
				"north": {"uv": [6.5, 1.5, 8, 3], "texture": "#0"},
				"east": {"uv": [0, 0, 2.5, 1.5], "texture": "#0"},
				"south": {"uv": [6.5, 1.5, 8, 3], "texture": "#0"},
				"west": {"uv": [0, 0, 2.5, 1.5], "texture": "#0"},
				"up": {"uv": [4, 2.5, 2.5, 0], "rotation": 180, "texture": "#0"},
				"down": {"uv": [4, 2.5, 2.5, 5], "rotation": 180, "texture": "#0"}
			}
		},
		{
			"from": [5.5, 1, 12],
			"to": [10.5, 4, 15],
			"rotation": {"angle": 0, "axis": "y", "origin": [16.25, 0, 15.75]},
			"faces": {
				"north": {"uv": [0, 0, 2.5, 1.5], "texture": "#0"},
				"east": {"uv": [6.5, 1.5, 8, 3], "texture": "#0"},
				"south": {"uv": [0, 0, 2.5, 1.5], "texture": "#0"},
				"west": {"uv": [6.5, 1.5, 8, 3], "texture": "#0"},
				"up": {"uv": [6.5, 3, 4, 1.5], "rotation": 180, "texture": "#0"},
				"down": {"uv": [6.5, 3, 4, 4.5], "rotation": 180, "texture": "#0"}
			}
		},
		{
			"from": [6.5, 4, 12],
			"to": [8.5, 5, 14],
			"rotation": {"angle": 0, "axis": "y", "origin": [16.25, 0, 15.75]},
			"faces": {
				"north": {"uv": [6, 7.5, 7, 8], "texture": "#0"},
				"east": {"uv": [0, 8, 1, 8.5], "texture": "#0"},
				"south": {"uv": [1.5, 4.5, 2.5, 5], "texture": "#0"},
				"west": {"uv": [0, 8, 1, 8.5], "texture": "#0"},
				"up": {"uv": [2.5, 8, 1.5, 7], "rotation": 180, "texture": "#0"},
				"down": {"uv": [8, 4.5, 7, 5.5], "rotation": 180, "texture": "#0"}
			}
		},
		{
			"from": [7.5, 4, 13],
			"to": [9.5, 5, 15],
			"rotation": {"angle": 0, "axis": "y", "origin": [16.25, 0, 15.75]},
			"faces": {
				"north": {"uv": [0, 8, 1, 8.5], "texture": "#0"},
				"east": {"uv": [0, 8, 1, 8.5], "texture": "#0"},
				"south": {"uv": [0, 8, 1, 8.5], "texture": "#0"},
				"west": {"uv": [0, 8, 1, 8.5], "texture": "#0"},
				"up": {"uv": [8, 6.5, 7, 5.5], "rotation": 180, "texture": "#0"},
				"down": {"uv": [8, 6.5, 7, 7.5], "rotation": 180, "texture": "#0"}
			}
		},
		{
			"from": [1.46142, 5, 11.50736],
			"to": [1.46142, 7, 13.50736],
			"rotation": {"angle": -45, "axis": "y", "origin": [16.25, 0, 15.75]},
			"faces": {
				"north": {"uv": [0, 0, 0, 1], "texture": "#0"},
				"east": {"uv": [3, 5, 4, 6], "texture": "#0"},
				"south": {"uv": [0, 0, 0, 1], "texture": "#0"},
				"west": {"uv": [3, 5, 4, 6], "rotation": 90, "texture": "#0"},
				"up": {"uv": [1, 0, 0, 0], "rotation": 90, "texture": "#0"},
				"down": {"uv": [1, 0, 0, 0], "rotation": 270, "texture": "#0"}
			}
		},
		{
			"from": [6.5, 0, 1],
			"to": [9.5, 4, 4],
			"rotation": {"angle": 0, "axis": "y", "origin": [16.25, 0, 15.75]},
			"faces": {
				"north": {"uv": [0, 4.5, 1.5, 6.5], "texture": "#0"},
				"east": {"uv": [0, 4.5, 1.5, 6.5], "texture": "#0"},
				"south": {"uv": [0, 4.5, 1.5, 6.5], "texture": "#0"},
				"west": {"uv": [0, 4.5, 1.5, 6.5], "texture": "#0"},
				"up": {"uv": [1.5, 8, 0, 6.5], "rotation": 180, "texture": "#0"},
				"down": {"uv": [8, 0, 6.5, 1.5], "rotation": 180, "texture": "#0"}
			}
		},
		{
			"from": [6.5, 1, 0],
			"to": [9.5, 4, 5],
			"rotation": {"angle": 0, "axis": "y", "origin": [16.25, 0, 15.75]},
			"faces": {
				"north": {"uv": [6.5, 1.5, 8, 3], "texture": "#0"},
				"east": {"uv": [0, 0, 2.5, 1.5], "texture": "#0"},
				"south": {"uv": [6.5, 1.5, 8, 3], "texture": "#0"},
				"west": {"uv": [0, 0, 2.5, 1.5], "texture": "#0"},
				"up": {"uv": [4, 2.5, 2.5, 0], "rotation": 180, "texture": "#0"},
				"down": {"uv": [4, 2.5, 2.5, 5], "rotation": 180, "texture": "#0"}
			}
		},
		{
			"from": [5.5, 1, 1],
			"to": [10.5, 4, 4],
			"rotation": {"angle": 0, "axis": "y", "origin": [16.25, 0, 15.75]},
			"faces": {
				"north": {"uv": [0, 0, 2.5, 1.5], "texture": "#0"},
				"east": {"uv": [6.5, 1.5, 8, 3], "texture": "#0"},
				"south": {"uv": [0, 0, 2.5, 1.5], "texture": "#0"},
				"west": {"uv": [6.5, 1.5, 8, 3], "texture": "#0"},
				"up": {"uv": [6.5, 3, 4, 1.5], "rotation": 180, "texture": "#0"},
				"down": {"uv": [6.5, 3, 4, 4.5], "rotation": 180, "texture": "#0"}
			}
		},
		{
			"from": [6.5, 4, 1],
			"to": [8.5, 5, 3],
			"rotation": {"angle": 0, "axis": "y", "origin": [16.25, 0, 15.75]},
			"faces": {
				"north": {"uv": [6, 7.5, 7, 8], "texture": "#0"},
				"east": {"uv": [0, 8, 1, 8.5], "texture": "#0"},
				"south": {"uv": [1.5, 4.5, 2.5, 5], "texture": "#0"},
				"west": {"uv": [0, 8, 1, 8.5], "texture": "#0"},
				"up": {"uv": [2.5, 8, 1.5, 7], "rotation": 180, "texture": "#0"},
				"down": {"uv": [8, 4.5, 7, 5.5], "rotation": 180, "texture": "#0"}
			}
		},
		{
			"from": [7.5, 4, 2],
			"to": [9.5, 5, 4],
			"rotation": {"angle": 0, "axis": "y", "origin": [16.25, 0, 15.75]},
			"faces": {
				"north": {"uv": [0, 8, 1, 8.5], "texture": "#0"},
				"east": {"uv": [0, 8, 1, 8.5], "texture": "#0"},
				"south": {"uv": [0, 8, 1, 8.5], "texture": "#0"},
				"west": {"uv": [0, 8, 1, 8.5], "texture": "#0"},
				"up": {"uv": [8, 6.5, 7, 5.5], "rotation": 180, "texture": "#0"},
				"down": {"uv": [8, 6.5, 7, 7.5], "rotation": 180, "texture": "#0"}
			}
		},
		{
			"from": [4.22918, 5, 15.68934],
			"to": [6.22918, 7, 15.68934],
			"rotation": {"angle": -45, "axis": "y", "origin": [16.25, 0, 15.75]},
			"faces": {
				"north": {"uv": [3, 5, 4, 6], "texture": "#0"},
				"east": {"uv": [0, 0, 0, 1], "texture": "#0"},
				"south": {"uv": [3, 5, 4, 6], "rotation": 90, "texture": "#0"},
				"west": {"uv": [0, 0, 0, 1], "texture": "#0"},
				"up": {"uv": [1, 0, 0, 0], "texture": "#0"},
				"down": {"uv": [1, 0, 0, 0], "texture": "#0"}
			}
		},
		{
			"from": [6.5, 0, 6.5],
			"to": [9.5, 4, 9.5],
			"rotation": {"angle": 0, "axis": "y", "origin": [16.25, 0, 15.75]},
			"faces": {
				"north": {"uv": [0, 4.5, 1.5, 6.5], "texture": "#0"},
				"east": {"uv": [0, 4.5, 1.5, 6.5], "texture": "#0"},
				"south": {"uv": [0, 4.5, 1.5, 6.5], "texture": "#0"},
				"west": {"uv": [0, 4.5, 1.5, 6.5], "texture": "#0"},
				"up": {"uv": [1.5, 8, 0, 6.5], "rotation": 90, "texture": "#0"},
				"down": {"uv": [8, 0, 6.5, 1.5], "rotation": 270, "texture": "#0"}
			}
		},
		{
			"from": [5.5, 1, 6.5],
			"to": [10.5, 4, 9.5],
			"rotation": {"angle": 0, "axis": "y", "origin": [16.25, 0, 15.75]},
			"faces": {
				"north": {"uv": [0, 0, 2.5, 1.5], "texture": "#0"},
				"east": {"uv": [6.5, 1.5, 8, 3], "texture": "#0"},
				"south": {"uv": [0, 0, 2.5, 1.5], "texture": "#0"},
				"west": {"uv": [6.5, 1.5, 8, 3], "texture": "#0"},
				"up": {"uv": [4, 2.5, 2.5, 0], "rotation": 90, "texture": "#0"},
				"down": {"uv": [4, 2.5, 2.5, 5], "rotation": 270, "texture": "#0"}
			}
		},
		{
			"from": [6.5, 1, 5.5],
			"to": [9.5, 4, 10.5],
			"rotation": {"angle": 0, "axis": "y", "origin": [16.25, 0, 15.75]},
			"faces": {
				"north": {"uv": [6.5, 1.5, 8, 3], "texture": "#0"},
				"east": {"uv": [0, 0, 2.5, 1.5], "texture": "#0"},
				"south": {"uv": [6.5, 1.5, 8, 3], "texture": "#0"},
				"west": {"uv": [0, 0, 2.5, 1.5], "texture": "#0"},
				"up": {"uv": [6.5, 3, 4, 1.5], "rotation": 90, "texture": "#0"},
				"down": {"uv": [6.5, 3, 4, 4.5], "rotation": 270, "texture": "#0"}
			}
		},
		{
			"from": [6.5, 4, 7.5],
			"to": [8.5, 5, 9.5],
			"rotation": {"angle": 0, "axis": "y", "origin": [16.25, 0, 15.75]},
			"faces": {
				"north": {"uv": [0, 8, 1, 8.5], "texture": "#0"},
				"east": {"uv": [1.5, 4.5, 2.5, 5], "texture": "#0"},
				"south": {"uv": [0, 8, 1, 8.5], "texture": "#0"},
				"west": {"uv": [6, 7.5, 7, 8], "texture": "#0"},
				"up": {"uv": [2.5, 8, 1.5, 7], "rotation": 90, "texture": "#0"},
				"down": {"uv": [8, 4.5, 7, 5.5], "rotation": 270, "texture": "#0"}
			}
		},
		{
			"from": [7.5, 4, 6.5],
			"to": [9.5, 5, 8.5],
			"rotation": {"angle": 0, "axis": "y", "origin": [16.25, 0, 15.75]},
			"faces": {
				"north": {"uv": [0, 8, 1, 8.5], "texture": "#0"},
				"east": {"uv": [0, 8, 1, 8.5], "texture": "#0"},
				"south": {"uv": [0, 8, 1, 8.5], "texture": "#0"},
				"west": {"uv": [0, 8, 1, 8.5], "texture": "#0"},
				"up": {"uv": [8, 6.5, 7, 5.5], "rotation": 90, "texture": "#0"},
				"down": {"uv": [8, 6.5, 7, 7.5], "rotation": 270, "texture": "#0"}
			}
		},
		{
			"from": [0.63299, 5, 18.69975],
			"to": [0.63299, 7, 20.69975],
			"rotation": {"angle": -45, "axis": "y", "origin": [16.25, 0, 15.75]},
			"faces": {
				"north": {"uv": [0, 0, 0, 1], "texture": "#0"},
				"east": {"uv": [3, 5, 4, 6], "rotation": 90, "texture": "#0"},
				"south": {"uv": [0, 0, 0, 1], "texture": "#0"},
				"west": {"uv": [3, 5, 4, 6], "texture": "#0"},
				"up": {"uv": [1, 0, 0, 0], "rotation": 270, "texture": "#0"},
				"down": {"uv": [1, 0, 0, 0], "rotation": 90, "texture": "#0"}
			}
		},
		{
			"from": [1, 0, 6.5],
			"to": [4, 4, 9.5],
			"rotation": {"angle": 0, "axis": "y", "origin": [16.25, 0, 15.75]},
			"faces": {
				"north": {"uv": [0, 4.5, 1.5, 6.5], "texture": "#0"},
				"east": {"uv": [0, 4.5, 1.5, 6.5], "texture": "#0"},
				"south": {"uv": [0, 4.5, 1.5, 6.5], "texture": "#0"},
				"west": {"uv": [0, 4.5, 1.5, 6.5], "texture": "#0"},
				"up": {"uv": [1.5, 8, 0, 6.5], "texture": "#0"},
				"down": {"uv": [8, 0, 6.5, 1.5], "texture": "#0"}
			}
		},
		{
			"from": [1, 1, 5.5],
			"to": [4, 4, 10.5],
			"rotation": {"angle": 0, "axis": "y", "origin": [16.25, 0, 15.75]},
			"faces": {
				"north": {"uv": [6.5, 1.5, 8, 3], "texture": "#0"},
				"east": {"uv": [0, 0, 2.5, 1.5], "texture": "#0"},
				"south": {"uv": [6.5, 1.5, 8, 3], "texture": "#0"},
				"west": {"uv": [0, 0, 2.5, 1.5], "texture": "#0"},
				"up": {"uv": [4, 2.5, 2.5, 0], "texture": "#0"},
				"down": {"uv": [4, 2.5, 2.5, 5], "texture": "#0"}
			}
		},
		{
			"from": [0, 1, 6.5],
			"to": [5, 4, 9.5],
			"rotation": {"angle": 0, "axis": "y", "origin": [16.25, 0, 15.75]},
			"faces": {
				"north": {"uv": [0, 0, 2.5, 1.5], "texture": "#0"},
				"east": {"uv": [6.5, 1.5, 8, 3], "texture": "#0"},
				"south": {"uv": [0, 0, 2.5, 1.5], "texture": "#0"},
				"west": {"uv": [6.5, 1.5, 8, 3], "texture": "#0"},
				"up": {"uv": [6.5, 3, 4, 1.5], "texture": "#0"},
				"down": {"uv": [6.5, 3, 4, 4.5], "texture": "#0"}
			}
		},
		{
			"from": [2, 4, 7.5],
			"to": [4, 5, 9.5],
			"rotation": {"angle": 0, "axis": "y", "origin": [16.25, 0, 15.75]},
			"faces": {
				"north": {"uv": [1.5, 4.5, 2.5, 5], "texture": "#0"},
				"east": {"uv": [0, 8, 1, 8.5], "texture": "#0"},
				"south": {"uv": [6, 7.5, 7, 8], "texture": "#0"},
				"west": {"uv": [0, 8, 1, 8.5], "texture": "#0"},
				"up": {"uv": [2.5, 8, 1.5, 7], "texture": "#0"},
				"down": {"uv": [8, 4.5, 7, 5.5], "texture": "#0"}
			}
		},
		{
			"from": [1, 4, 6.5],
			"to": [3, 5, 8.5],
			"rotation": {"angle": 0, "axis": "y", "origin": [16.25, 0, 15.75]},
			"faces": {
				"north": {"uv": [0, 8, 1, 8.5], "texture": "#0"},
				"east": {"uv": [0, 8, 1, 8.5], "texture": "#0"},
				"south": {"uv": [0, 8, 1, 8.5], "texture": "#0"},
				"west": {"uv": [0, 8, 1, 8.5], "texture": "#0"},
				"up": {"uv": [8, 6.5, 7, 5.5], "texture": "#0"},
				"down": {"uv": [8, 6.5, 7, 7.5], "texture": "#0"}
			}
		},
		{
			"from": [9.23959, 5, 11.50736],
			"to": [9.23959, 7, 13.50736],
			"rotation": {"angle": -45, "axis": "y", "origin": [16.25, 0, 15.75]},
			"faces": {
				"north": {"uv": [0, 0, 0, 1], "texture": "#0"},
				"east": {"uv": [3, 5, 4, 6], "texture": "#0"},
				"south": {"uv": [0, 0, 0, 1], "texture": "#0"},
				"west": {"uv": [3, 5, 4, 6], "rotation": 90, "texture": "#0"},
				"up": {"uv": [1, 0, 0, 0], "rotation": 90, "texture": "#0"},
				"down": {"uv": [1, 0, 0, 0], "rotation": 270, "texture": "#0"}
			}
		},
		{
			"from": [12, 0, 6.5],
			"to": [15, 4, 9.5],
			"rotation": {"angle": 0, "axis": "y", "origin": [16.25, 0, 15.75]},
			"faces": {
				"north": {"uv": [0, 4.5, 1.5, 6.5], "texture": "#0"},
				"east": {"uv": [0, 4.5, 1.5, 6.5], "texture": "#0"},
				"south": {"uv": [0, 4.5, 1.5, 6.5], "texture": "#0"},
				"west": {"uv": [0, 4.5, 1.5, 6.5], "texture": "#0"},
				"up": {"uv": [1.5, 8, 0, 6.5], "rotation": 180, "texture": "#0"},
				"down": {"uv": [8, 0, 6.5, 1.5], "rotation": 180, "texture": "#0"}
			}
		},
		{
			"from": [12, 1, 5.5],
			"to": [15, 4, 10.5],
			"rotation": {"angle": 0, "axis": "y", "origin": [16.25, 0, 15.75]},
			"faces": {
				"north": {"uv": [6.5, 1.5, 8, 3], "texture": "#0"},
				"east": {"uv": [0, 0, 2.5, 1.5], "texture": "#0"},
				"south": {"uv": [6.5, 1.5, 8, 3], "texture": "#0"},
				"west": {"uv": [0, 0, 2.5, 1.5], "texture": "#0"},
				"up": {"uv": [4, 2.5, 2.5, 0], "rotation": 180, "texture": "#0"},
				"down": {"uv": [4, 2.5, 2.5, 5], "rotation": 180, "texture": "#0"}
			}
		},
		{
			"from": [11, 1, 6.5],
			"to": [16, 4, 9.5],
			"rotation": {"angle": 0, "axis": "y", "origin": [16.25, 0, 15.75]},
			"faces": {
				"north": {"uv": [0, 0, 2.5, 1.5], "texture": "#0"},
				"east": {"uv": [6.5, 1.5, 8, 3], "texture": "#0"},
				"south": {"uv": [0, 0, 2.5, 1.5], "texture": "#0"},
				"west": {"uv": [6.5, 1.5, 8, 3], "texture": "#0"},
				"up": {"uv": [6.5, 3, 4, 1.5], "rotation": 180, "texture": "#0"},
				"down": {"uv": [6.5, 3, 4, 4.5], "rotation": 180, "texture": "#0"}
			}
		},
		{
			"from": [12, 4, 6.5],
			"to": [14, 5, 8.5],
			"rotation": {"angle": 0, "axis": "y", "origin": [16.25, 0, 15.75]},
			"faces": {
				"north": {"uv": [6, 7.5, 7, 8], "texture": "#0"},
				"east": {"uv": [0, 8, 1, 8.5], "texture": "#0"},
				"south": {"uv": [1.5, 4.5, 2.5, 5], "texture": "#0"},
				"west": {"uv": [0, 8, 1, 8.5], "texture": "#0"},
				"up": {"uv": [2.5, 8, 1.5, 7], "rotation": 180, "texture": "#0"},
				"down": {"uv": [8, 4.5, 7, 5.5], "rotation": 180, "texture": "#0"}
			}
		},
		{
			"from": [13, 4, 7.5],
			"to": [15, 5, 9.5],
			"rotation": {"angle": 0, "axis": "y", "origin": [16.25, 0, 15.75]},
			"faces": {
				"north": {"uv": [0, 8, 1, 8.5], "texture": "#0"},
				"east": {"uv": [0, 8, 1, 8.5], "texture": "#0"},
				"south": {"uv": [0, 8, 1, 8.5], "texture": "#0"},
				"west": {"uv": [0, 8, 1, 8.5], "texture": "#0"},
				"up": {"uv": [8, 6.5, 7, 5.5], "rotation": 180, "texture": "#0"},
				"down": {"uv": [8, 6.5, 7, 7.5], "rotation": 180, "texture": "#0"}
			}
		},
		{
			"from": [9.23959, 9, 15.39645],
			"to": [9.23959, 11, 17.39645],
			"rotation": {"angle": -45, "axis": "y", "origin": [16.25, 0, 15.75]},
			"faces": {
				"north": {"uv": [0, 0, 0, 1], "texture": "#0"},
				"east": {"uv": [3, 5, 4, 6], "texture": "#0"},
				"south": {"uv": [0, 0, 0, 1], "texture": "#0"},
				"west": {"uv": [3, 5, 4, 6], "rotation": 90, "texture": "#0"},
				"up": {"uv": [1, 0, 0, 0], "rotation": 90, "texture": "#0"},
				"down": {"uv": [1, 0, 0, 0], "rotation": 270, "texture": "#0"}
			}
		},
		{
			"from": [9.25, 4, 9.25],
			"to": [12.25, 8, 12.25],
			"rotation": {"angle": 0, "axis": "y", "origin": [16.25, 0, 15.75]},
			"faces": {
				"north": {"uv": [0, 4.5, 1.5, 6.5], "texture": "#0"},
				"east": {"uv": [0, 4.5, 1.5, 6.5], "texture": "#0"},
				"south": {"uv": [0, 4.5, 1.5, 6.5], "texture": "#0"},
				"west": {"uv": [0, 4.5, 1.5, 6.5], "texture": "#0"},
				"up": {"uv": [1.5, 8, 0, 6.5], "rotation": 180, "texture": "#0"},
				"down": {"uv": [8, 0, 6.5, 1.5], "rotation": 180, "texture": "#0"}
			}
		},
		{
			"from": [9.25, 5, 8.25],
			"to": [12.25, 8, 13.25],
			"rotation": {"angle": 0, "axis": "y", "origin": [16.25, 0, 15.75]},
			"faces": {
				"north": {"uv": [6.5, 1.5, 8, 3], "texture": "#0"},
				"east": {"uv": [0, 0, 2.5, 1.5], "texture": "#0"},
				"south": {"uv": [6.5, 1.5, 8, 3], "texture": "#0"},
				"west": {"uv": [0, 0, 2.5, 1.5], "texture": "#0"},
				"up": {"uv": [4, 2.5, 2.5, 0], "rotation": 180, "texture": "#0"},
				"down": {"uv": [4, 2.5, 2.5, 5], "rotation": 180, "texture": "#0"}
			}
		},
		{
			"from": [8.25, 5, 9.25],
			"to": [13.25, 8, 12.25],
			"rotation": {"angle": 0, "axis": "y", "origin": [16.25, 0, 15.75]},
			"faces": {
				"north": {"uv": [0, 0, 2.5, 1.5], "texture": "#0"},
				"east": {"uv": [6.5, 1.5, 8, 3], "texture": "#0"},
				"south": {"uv": [0, 0, 2.5, 1.5], "texture": "#0"},
				"west": {"uv": [6.5, 1.5, 8, 3], "texture": "#0"},
				"up": {"uv": [6.5, 3, 4, 1.5], "rotation": 180, "texture": "#0"},
				"down": {"uv": [6.5, 3, 4, 4.5], "rotation": 180, "texture": "#0"}
			}
		},
		{
			"from": [9.25, 8, 9.25],
			"to": [11.25, 9, 11.25],
			"rotation": {"angle": 0, "axis": "y", "origin": [16.25, 0, 15.75]},
			"faces": {
				"north": {"uv": [6, 7.5, 7, 8], "texture": "#0"},
				"east": {"uv": [0, 8, 1, 8.5], "texture": "#0"},
				"south": {"uv": [1.5, 4.5, 2.5, 5], "texture": "#0"},
				"west": {"uv": [0, 8, 1, 8.5], "texture": "#0"},
				"up": {"uv": [2.5, 8, 1.5, 7], "rotation": 180, "texture": "#0"},
				"down": {"uv": [8, 4.5, 7, 5.5], "rotation": 180, "texture": "#0"}
			}
		},
		{
			"from": [10.25, 8, 10.25],
			"to": [12.25, 9, 12.25],
			"rotation": {"angle": 0, "axis": "y", "origin": [16.25, 0, 15.75]},
			"faces": {
				"north": {"uv": [0, 8, 1, 8.5], "texture": "#0"},
				"east": {"uv": [0, 8, 1, 8.5], "texture": "#0"},
				"south": {"uv": [0, 8, 1, 8.5], "texture": "#0"},
				"west": {"uv": [0, 8, 1, 8.5], "texture": "#0"},
				"up": {"uv": [8, 6.5, 7, 5.5], "rotation": 180, "texture": "#0"},
				"down": {"uv": [8, 6.5, 7, 7.5], "rotation": 180, "texture": "#0"}
			}
		},
		{
			"from": [3.6434, 9, 20.40685],
			"to": [5.6434, 11, 20.40685],
			"rotation": {"angle": -45, "axis": "y", "origin": [16.25, 0, 15.75]},
			"faces": {
				"north": {"uv": [3, 5, 4, 6], "rotation": 90, "texture": "#0"},
				"east": {"uv": [0, 0, 0, 1], "texture": "#0"},
				"south": {"uv": [3, 5, 4, 6], "texture": "#0"},
				"west": {"uv": [0, 0, 0, 1], "texture": "#0"},
				"up": {"uv": [1, 0, 0, 0], "rotation": 180, "texture": "#0"},
				"down": {"uv": [1, 0, 0, 0], "rotation": 180, "texture": "#0"}
			}
		},
		{
			"from": [3.75, 4, 9.25],
			"to": [6.75, 8, 12.25],
			"rotation": {"angle": 0, "axis": "y", "origin": [16.25, 0, 15.75]},
			"faces": {
				"north": {"uv": [0, 4.5, 1.5, 6.5], "texture": "#0"},
				"east": {"uv": [0, 4.5, 1.5, 6.5], "texture": "#0"},
				"south": {"uv": [0, 4.5, 1.5, 6.5], "texture": "#0"},
				"west": {"uv": [0, 4.5, 1.5, 6.5], "texture": "#0"},
				"up": {"uv": [1.5, 8, 0, 6.5], "rotation": 270, "texture": "#0"},
				"down": {"uv": [8, 0, 6.5, 1.5], "rotation": 90, "texture": "#0"}
			}
		},
		{
			"from": [2.75, 5, 9.25],
			"to": [7.75, 8, 12.25],
			"rotation": {"angle": 0, "axis": "y", "origin": [16.25, 0, 15.75]},
			"faces": {
				"north": {"uv": [0, 0, 2.5, 1.5], "texture": "#0"},
				"east": {"uv": [6.5, 1.5, 8, 3], "texture": "#0"},
				"south": {"uv": [0, 0, 2.5, 1.5], "texture": "#0"},
				"west": {"uv": [6.5, 1.5, 8, 3], "texture": "#0"},
				"up": {"uv": [4, 2.5, 2.5, 0], "rotation": 270, "texture": "#0"},
				"down": {"uv": [4, 2.5, 2.5, 5], "rotation": 90, "texture": "#0"}
			}
		},
		{
			"from": [3.75, 5, 8.25],
			"to": [6.75, 8, 13.25],
			"rotation": {"angle": 0, "axis": "y", "origin": [16.25, 0, 15.75]},
			"faces": {
				"north": {"uv": [6.5, 1.5, 8, 3], "texture": "#0"},
				"east": {"uv": [0, 0, 2.5, 1.5], "texture": "#0"},
				"south": {"uv": [6.5, 1.5, 8, 3], "texture": "#0"},
				"west": {"uv": [0, 0, 2.5, 1.5], "texture": "#0"},
				"up": {"uv": [6.5, 3, 4, 1.5], "rotation": 270, "texture": "#0"},
				"down": {"uv": [6.5, 3, 4, 4.5], "rotation": 90, "texture": "#0"}
			}
		},
		{
			"from": [4.75, 8, 9.25],
			"to": [6.75, 9, 11.25],
			"rotation": {"angle": 0, "axis": "y", "origin": [16.25, 0, 15.75]},
			"faces": {
				"north": {"uv": [0, 8, 1, 8.5], "texture": "#0"},
				"east": {"uv": [6, 7.5, 7, 8], "texture": "#0"},
				"south": {"uv": [0, 8, 1, 8.5], "texture": "#0"},
				"west": {"uv": [1.5, 4.5, 2.5, 5], "texture": "#0"},
				"up": {"uv": [2.5, 8, 1.5, 7], "rotation": 270, "texture": "#0"},
				"down": {"uv": [8, 4.5, 7, 5.5], "rotation": 90, "texture": "#0"}
			}
		},
		{
			"from": [3.75, 8, 10.25],
			"to": [5.75, 9, 12.25],
			"rotation": {"angle": 0, "axis": "y", "origin": [16.25, 0, 15.75]},
			"faces": {
				"north": {"uv": [0, 8, 1, 8.5], "texture": "#0"},
				"east": {"uv": [0, 8, 1, 8.5], "texture": "#0"},
				"south": {"uv": [0, 8, 1, 8.5], "texture": "#0"},
				"west": {"uv": [0, 8, 1, 8.5], "texture": "#0"},
				"up": {"uv": [8, 6.5, 7, 5.5], "rotation": 270, "texture": "#0"},
				"down": {"uv": [8, 6.5, 7, 7.5], "rotation": 90, "texture": "#0"}
			}
		},
		{
			"from": [0.3401, 9, 15.68934],
			"to": [2.3401, 11, 15.68934],
			"rotation": {"angle": -45, "axis": "y", "origin": [16.25, 0, 15.75]},
			"faces": {
				"north": {"uv": [3, 5, 4, 6], "texture": "#0"},
				"east": {"uv": [0, 0, 0, 1], "texture": "#0"},
				"south": {"uv": [3, 5, 4, 6], "rotation": 90, "texture": "#0"},
				"west": {"uv": [0, 0, 0, 1], "texture": "#0"},
				"up": {"uv": [1, 0, 0, 0], "texture": "#0"},
				"down": {"uv": [1, 0, 0, 0], "texture": "#0"}
			}
		},
		{
			"from": [3.75, 4, 3.75],
			"to": [6.75, 8, 6.75],
			"rotation": {"angle": 0, "axis": "y", "origin": [16.25, 0, 15.75]},
			"faces": {
				"north": {"uv": [0, 4.5, 1.5, 6.5], "texture": "#0"},
				"east": {"uv": [0, 4.5, 1.5, 6.5], "texture": "#0"},
				"south": {"uv": [0, 4.5, 1.5, 6.5], "texture": "#0"},
				"west": {"uv": [0, 4.5, 1.5, 6.5], "texture": "#0"},
				"up": {"uv": [1.5, 8, 0, 6.5], "rotation": 90, "texture": "#0"},
				"down": {"uv": [8, 0, 6.5, 1.5], "rotation": 270, "texture": "#0"}
			}
		},
		{
			"from": [2.75, 5, 3.75],
			"to": [7.75, 8, 6.75],
			"rotation": {"angle": 0, "axis": "y", "origin": [16.25, 0, 15.75]},
			"faces": {
				"north": {"uv": [0, 0, 2.5, 1.5], "texture": "#0"},
				"east": {"uv": [6.5, 1.5, 8, 3], "texture": "#0"},
				"south": {"uv": [0, 0, 2.5, 1.5], "texture": "#0"},
				"west": {"uv": [6.5, 1.5, 8, 3], "texture": "#0"},
				"up": {"uv": [4, 2.5, 2.5, 0], "rotation": 90, "texture": "#0"},
				"down": {"uv": [4, 2.5, 2.5, 5], "rotation": 270, "texture": "#0"}
			}
		},
		{
			"from": [3.75, 5, 2.75],
			"to": [6.75, 8, 7.75],
			"rotation": {"angle": 0, "axis": "y", "origin": [16.25, 0, 15.75]},
			"faces": {
				"north": {"uv": [6.5, 1.5, 8, 3], "texture": "#0"},
				"east": {"uv": [0, 0, 2.5, 1.5], "texture": "#0"},
				"south": {"uv": [6.5, 1.5, 8, 3], "texture": "#0"},
				"west": {"uv": [0, 0, 2.5, 1.5], "texture": "#0"},
				"up": {"uv": [6.5, 3, 4, 1.5], "rotation": 90, "texture": "#0"},
				"down": {"uv": [6.5, 3, 4, 4.5], "rotation": 270, "texture": "#0"}
			}
		},
		{
			"from": [3.75, 8, 4.75],
			"to": [5.75, 9, 6.75],
			"rotation": {"angle": 0, "axis": "y", "origin": [16.25, 0, 15.75]},
			"faces": {
				"north": {"uv": [0, 8, 1, 8.5], "texture": "#0"},
				"east": {"uv": [1.5, 4.5, 2.5, 5], "texture": "#0"},
				"south": {"uv": [0, 8, 1, 8.5], "texture": "#0"},
				"west": {"uv": [6, 7.5, 7, 8], "texture": "#0"},
				"up": {"uv": [2.5, 8, 1.5, 7], "rotation": 90, "texture": "#0"},
				"down": {"uv": [8, 4.5, 7, 5.5], "rotation": 270, "texture": "#0"}
			}
		},
		{
			"from": [4.75, 8, 3.75],
			"to": [6.75, 9, 5.75],
			"rotation": {"angle": 0, "axis": "y", "origin": [16.25, 0, 15.75]},
			"faces": {
				"north": {"uv": [0, 8, 1, 8.5], "texture": "#0"},
				"east": {"uv": [0, 8, 1, 8.5], "texture": "#0"},
				"south": {"uv": [0, 8, 1, 8.5], "texture": "#0"},
				"west": {"uv": [0, 8, 1, 8.5], "texture": "#0"},
				"up": {"uv": [8, 6.5, 7, 5.5], "rotation": 90, "texture": "#0"},
				"down": {"uv": [8, 6.5, 7, 7.5], "rotation": 270, "texture": "#0"}
			}
		},
		{
			"from": [4.52208, 9, 10.92157],
			"to": [4.52208, 11, 12.92157],
			"rotation": {"angle": -45, "axis": "y", "origin": [16.25, 0, 15.75]},
			"faces": {
				"north": {"uv": [0, 0, 0, 1], "texture": "#0"},
				"east": {"uv": [3, 5, 4, 6], "rotation": 90, "texture": "#0"},
				"south": {"uv": [0, 0, 0, 1], "texture": "#0"},
				"west": {"uv": [3, 5, 4, 6], "texture": "#0"},
				"up": {"uv": [1, 0, 0, 0], "rotation": 270, "texture": "#0"},
				"down": {"uv": [1, 0, 0, 0], "rotation": 90, "texture": "#0"}
			}
		},
		{
			"from": [9.25, 4, 3.75],
			"to": [12.25, 8, 6.75],
			"rotation": {"angle": 0, "axis": "y", "origin": [16.25, 0, 15.75]},
			"faces": {
				"north": {"uv": [0, 4.5, 1.5, 6.5], "texture": "#0"},
				"east": {"uv": [0, 4.5, 1.5, 6.5], "texture": "#0"},
				"south": {"uv": [0, 4.5, 1.5, 6.5], "texture": "#0"},
				"west": {"uv": [0, 4.5, 1.5, 6.5], "texture": "#0"},
				"up": {"uv": [1.5, 8, 0, 6.5], "texture": "#0"},
				"down": {"uv": [8, 0, 6.5, 1.5], "texture": "#0"}
			}
		},
		{
			"from": [9.25, 5, 2.75],
			"to": [12.25, 8, 7.75],
			"rotation": {"angle": 0, "axis": "y", "origin": [16.25, 0, 15.75]},
			"faces": {
				"north": {"uv": [6.5, 1.5, 8, 3], "texture": "#0"},
				"east": {"uv": [0, 0, 2.5, 1.5], "texture": "#0"},
				"south": {"uv": [6.5, 1.5, 8, 3], "texture": "#0"},
				"west": {"uv": [0, 0, 2.5, 1.5], "texture": "#0"},
				"up": {"uv": [4, 2.5, 2.5, 0], "texture": "#0"},
				"down": {"uv": [4, 2.5, 2.5, 5], "texture": "#0"}
			}
		},
		{
			"from": [8.25, 5, 3.75],
			"to": [13.25, 8, 6.75],
			"rotation": {"angle": 0, "axis": "y", "origin": [16.25, 0, 15.75]},
			"faces": {
				"north": {"uv": [0, 0, 2.5, 1.5], "texture": "#0"},
				"east": {"uv": [6.5, 1.5, 8, 3], "texture": "#0"},
				"south": {"uv": [0, 0, 2.5, 1.5], "texture": "#0"},
				"west": {"uv": [6.5, 1.5, 8, 3], "texture": "#0"},
				"up": {"uv": [6.5, 3, 4, 1.5], "texture": "#0"},
				"down": {"uv": [6.5, 3, 4, 4.5], "texture": "#0"}
			}
		},
		{
			"from": [10.25, 8, 4.75],
			"to": [12.25, 9, 6.75],
			"rotation": {"angle": 0, "axis": "y", "origin": [16.25, 0, 15.75]},
			"faces": {
				"north": {"uv": [1.5, 4.5, 2.5, 5], "texture": "#0"},
				"east": {"uv": [0, 8, 1, 8.5], "texture": "#0"},
				"south": {"uv": [6, 7.5, 7, 8], "texture": "#0"},
				"west": {"uv": [0, 8, 1, 8.5], "texture": "#0"},
				"up": {"uv": [2.5, 8, 1.5, 7], "texture": "#0"},
				"down": {"uv": [8, 4.5, 7, 5.5], "texture": "#0"}
			}
		},
		{
			"from": [9.25, 8, 3.75],
			"to": [11.25, 9, 5.75],
			"rotation": {"angle": 0, "axis": "y", "origin": [16.25, 0, 15.75]},
			"faces": {
				"north": {"uv": [0, 8, 1, 8.5], "texture": "#0"},
				"east": {"uv": [0, 8, 1, 8.5], "texture": "#0"},
				"south": {"uv": [0, 8, 1, 8.5], "texture": "#0"},
				"west": {"uv": [0, 8, 1, 8.5], "texture": "#0"},
				"up": {"uv": [8, 6.5, 7, 5.5], "texture": "#0"},
				"down": {"uv": [8, 6.5, 7, 7.5], "texture": "#0"}
			}
		},
		{
			"from": [4.52208, 13, 14.81066],
			"to": [4.52208, 15, 16.81066],
			"rotation": {"angle": -45, "axis": "y", "origin": [16.25, 0, 15.75]},
			"faces": {
				"north": {"uv": [0, 0, 0, 1], "texture": "#0"},
				"east": {"uv": [3, 5, 4, 6], "rotation": 90, "texture": "#0"},
				"south": {"uv": [0, 0, 0, 1], "texture": "#0"},
				"west": {"uv": [3, 5, 4, 6], "texture": "#0"},
				"up": {"uv": [1, 0, 0, 0], "rotation": 270, "texture": "#0"},
				"down": {"uv": [1, 0, 0, 0], "rotation": 90, "texture": "#0"}
			}
		},
		{
			"from": [6.5, 8, 6.5],
			"to": [9.5, 12, 9.5],
			"rotation": {"angle": 0, "axis": "y", "origin": [16.25, 0, 15.75]},
			"faces": {
				"north": {"uv": [0, 4.5, 1.5, 6.5], "texture": "#0"},
				"east": {"uv": [0, 4.5, 1.5, 6.5], "texture": "#0"},
				"south": {"uv": [0, 4.5, 1.5, 6.5], "texture": "#0"},
				"west": {"uv": [0, 4.5, 1.5, 6.5], "texture": "#0"},
				"up": {"uv": [1.5, 8, 0, 6.5], "texture": "#0"},
				"down": {"uv": [8, 0, 6.5, 1.5], "texture": "#0"}
			}
		},
		{
			"from": [6.5, 9, 5.5],
			"to": [9.5, 12, 10.5],
			"rotation": {"angle": 0, "axis": "y", "origin": [16.25, 0, 15.75]},
			"faces": {
				"north": {"uv": [6.5, 1.5, 8, 3], "texture": "#0"},
				"east": {"uv": [0, 0, 2.5, 1.5], "texture": "#0"},
				"south": {"uv": [6.5, 1.5, 8, 3], "texture": "#0"},
				"west": {"uv": [0, 0, 2.5, 1.5], "texture": "#0"},
				"up": {"uv": [4, 2.5, 2.5, 0], "texture": "#0"},
				"down": {"uv": [4, 2.5, 2.5, 5], "texture": "#0"}
			}
		},
		{
			"from": [5.5, 9, 6.5],
			"to": [10.5, 12, 9.5],
			"rotation": {"angle": 0, "axis": "y", "origin": [16.25, 0, 15.75]},
			"faces": {
				"north": {"uv": [0, 0, 2.5, 1.5], "texture": "#0"},
				"east": {"uv": [6.5, 1.5, 8, 3], "texture": "#0"},
				"south": {"uv": [0, 0, 2.5, 1.5], "texture": "#0"},
				"west": {"uv": [6.5, 1.5, 8, 3], "texture": "#0"},
				"up": {"uv": [6.5, 3, 4, 1.5], "texture": "#0"},
				"down": {"uv": [6.5, 3, 4, 4.5], "texture": "#0"}
			}
		},
		{
			"from": [7.5, 12, 7.5],
			"to": [9.5, 13, 9.5],
			"rotation": {"angle": 0, "axis": "y", "origin": [16.25, 0, 15.75]},
			"faces": {
				"north": {"uv": [1.5, 4.5, 2.5, 5], "texture": "#0"},
				"east": {"uv": [0, 8, 1, 8.5], "texture": "#0"},
				"south": {"uv": [6, 7.5, 7, 8], "texture": "#0"},
				"west": {"uv": [0, 8, 1, 8.5], "texture": "#0"},
				"up": {"uv": [2.5, 8, 1.5, 7], "texture": "#0"},
				"down": {"uv": [8, 4.5, 7, 5.5], "texture": "#0"}
			}
		},
		{
			"from": [6.5, 12, 6.5],
			"to": [8.5, 13, 8.5],
			"rotation": {"angle": 0, "axis": "y", "origin": [16.25, 0, 15.75]},
			"faces": {
				"north": {"uv": [0, 8, 1, 8.5], "texture": "#0"},
				"east": {"uv": [0, 8, 1, 8.5], "texture": "#0"},
				"south": {"uv": [0, 8, 1, 8.5], "texture": "#0"},
				"west": {"uv": [0, 8, 1, 8.5], "texture": "#0"},
				"up": {"uv": [8, 6.5, 7, 5.5], "texture": "#0"},
				"down": {"uv": [8, 6.5, 7, 7.5], "texture": "#0"}
			}
		}
	],
	"groups": [
		{
			"name": "apple",
			"origin": [6, 4, 4],
			"color": 0,
			"children": [0, 1, 2, 3, 4, 5]
		},
		{
			"name": "apple",
			"origin": [6, 4, 4],
			"color": 0,
			"children": [6, 7, 8, 9, 10, 11]
		},
		{
			"name": "apple",
			"origin": [6, 4, 4],
			"color": 0,
			"children": [12, 13, 14, 15, 16, 17]
		},
		{
			"name": "apple",
			"origin": [6, 4, 4],
			"color": 0,
			"children": [18, 19, 20, 21, 22, 23]
		},
		{
			"name": "apple",
			"origin": [6, 4, 4],
			"color": 0,
			"children": [24, 25, 26, 27, 28, 29]
		},
		{
			"name": "apple",
			"origin": [6, 4, 4],
			"color": 0,
			"children": [30, 31, 32, 33, 34, 35]
		},
		{
			"name": "apple",
			"origin": [6, 4, 4],
			"color": 0,
			"children": [36, 37, 38, 39, 40, 41]
		},
		{
			"name": "apple",
			"origin": [6, 4, 4],
			"color": 0,
			"children": [42, 43, 44, 45, 46, 47]
		},
		{
			"name": "apple",
			"origin": [6, 4, 4],
			"color": 0,
			"children": [48, 49, 50, 51, 52, 53]
		},
		{
			"name": "apple",
			"origin": [6, 4, 4],
			"color": 0,
			"children": [54, 55, 56, 57, 58, 59]
		},
		{
			"name": "apple",
			"origin": [6, 4, 4],
			"color": 0,
			"children": [60, 61, 62, 63, 64, 65]
		},
		{
			"name": "apple",
			"origin": [6, 4, 4],
			"color": 0,
			"children": [66, 67, 68, 69, 70, 71]
		},
		{
			"name": "apple",
			"origin": [6, 4, 4],
			"color": 0,
			"children": [72, 73, 74, 75, 76, 77]
		},
		{
			"name": "apple",
			"origin": [6, 4, 4],
			"color": 0,
			"children": [78, 79, 80, 81, 82, 83]
		}
	]
}