{
	"credit": "Made with Blockbench",
	"texture_size": [32, 32],
	"textures": {
		"0": "books/enchanted_book",
		"particle": "books/enchanted_book"
	},
	"elements": [
		{
			"from": [11, 0, 2],
			"to": [12, 2, 13],
			"rotation": {"angle": 0, "axis": "y", "origin": [11, 0, 2]},
			"faces": {
				"north": {"uv": [10, 5, 10.5, 6], "texture": "#0"},
				"east": {"uv": [7, 9, 12.5, 10], "texture": "#0"},
				"south": {"uv": [10, 5, 10.5, 6], "texture": "#0"},
				"west": {"uv": [7, 9, 12.5, 10], "texture": "#0"},
				"up": {"uv": [7.5, 15.5, 7, 10], "texture": "#0"},
				"down": {"uv": [7.5, 10, 7, 15.5], "texture": "#0"}
			}
		},
		{
			"from": [5, 0, 3],
			"to": [11, 2, 12],
			"rotation": {"angle": 0, "axis": "y", "origin": [5, 0, 3]},
			"faces": {
				"north": {"uv": [10, 3, 13, 4], "texture": "#0"},
				"east": {"uv": [10, 1, 14.5, 2], "texture": "#0"},
				"south": {"uv": [10, 3, 13, 4], "texture": "#0"},
				"west": {"uv": [10, 2, 14.5, 3], "texture": "#0"},
				"up": {"uv": [3, 11, 0, 6.5], "texture": "#0"},
				"down": {"uv": [3, 6.5, 0, 11], "texture": "#0"}
			}
		},
		{
			"from": [4, 2, 2],
			"to": [11, 2, 13],
			"rotation": {"angle": 0, "axis": "y", "origin": [5, 0, 3]},
			"faces": {
				"north": {"uv": [0, 0, 3.5, 0], "texture": "#0"},
				"east": {"uv": [0, 0, 5.5, 0], "texture": "#0"},
				"south": {"uv": [0, 0, 3.5, 0], "texture": "#0"},
				"west": {"uv": [0, 0, 5.5, 0], "texture": "#0"},
				"up": {"uv": [3.5, 5.5, 0, 0], "texture": "#0"},
				"down": {"uv": [3.5, 0, 0, 5.5], "texture": "#0"}
			}
		},
		{
			"from": [4, 0, 2],
			"to": [11, 0, 13],
			"rotation": {"angle": 0, "axis": "y", "origin": [5, -2, 3]},
			"faces": {
				"north": {"uv": [0, 0, 3.5, 0], "texture": "#0"},
				"east": {"uv": [0, 0, 5.5, 0], "texture": "#0"},
				"south": {"uv": [0, 0, 3.5, 0], "texture": "#0"},
				"west": {"uv": [0, 0, 5.5, 0], "texture": "#0"},
				"up": {"uv": [7, 5.5, 3.5, 0], "texture": "#0"},
				"down": {"uv": [7, 0, 3.5, 5.5], "texture": "#0"}
			}
		},
		{
			"from": [4, 0, 6],
			"to": [4, 2, 8],
			"rotation": {"angle": 0, "axis": "z", "origin": [2, 5.5, 6]},
			"faces": {
				"north": {"uv": [0, 0, 4, 0], "rotation": 270, "texture": "#0"},
				"east": {"uv": [2.5, 5.5, 3.5, 6.5], "rotation": 90, "texture": "#0"},
				"south": {"uv": [0, 0, 4, 0], "rotation": 90, "texture": "#0"},
				"west": {"uv": [2.5, 5.5, 3.5, 6.5], "rotation": 90, "texture": "#0"},
				"up": {"uv": [0, 0, 1, 0], "rotation": 90, "texture": "#0"},
				"down": {"uv": [0, 0, 1, 0], "rotation": 90, "texture": "#0"}
			}
		}
	],
	"groups": [
		{
			"name": "book",
			"origin": [5, -2, 3],
			"color": 0,
			"children": [0, 1, 2, 3]
		},
		4
	]
}