{
	"credit": "Made with Blockbench",
	"texture_size": [32, 32],
	"textures": {
		"0": "books/enchanted_book",
		"2": "books/enchanted_book_green",
		"3": "books/enchanted_book_red",
		"particle": "books/enchanted_book"
	},
	"elements": [
		{
			"from": [10.75, 0.025, 2],
			"to": [11.75, 2.025, 13],
			"rotation": {"angle": 0, "axis": "y", "origin": [11.75, 0.025, 1]},
			"faces": {
				"north": {"uv": [0, 0, 0.5, 1], "texture": "#3"},
				"east": {"uv": [7, 9, 12.5, 10], "texture": "#3"},
				"south": {"uv": [0, 0, 0.5, 1], "texture": "#3"},
				"west": {"uv": [7, 9, 12.5, 10], "texture": "#3"},
				"up": {"uv": [7, 15.5, 7.5, 10], "texture": "#3"},
				"down": {"uv": [7, 10, 7.5, 15.5], "texture": "#3"}
			}
		},
		{
			"from": [4.75, 0.025, 3],
			"to": [10.75, 2.025, 12],
			"rotation": {"angle": 0, "axis": "y", "origin": [11.75, 0.025, 1]},
			"faces": {
				"north": {"uv": [10, 3, 13, 4], "texture": "#3"},
				"east": {"uv": [10, 2, 14.5, 3], "texture": "#3"},
				"south": {"uv": [10, 3, 13, 4], "texture": "#3"},
				"west": {"uv": [10, 2, 14.5, 3], "texture": "#3"},
				"up": {"uv": [3, 5, 0, 0.5], "texture": "#3"},
				"down": {"uv": [3.5, 0.5, 6.5, 5], "texture": "#3"}
			}
		},
		{
			"from": [4.75, 0.025, 2],
			"to": [10.75, 0.05, 3],
			"rotation": {"angle": 0, "axis": "y", "origin": [11.75, 0.025, 1]},
			"faces": {
				"north": {"uv": [0, 0, 3, 0], "texture": "#3"},
				"east": {"uv": [0, 0, 0.5, 0], "texture": "#3"},
				"south": {"uv": [0, 0, 3, 0], "texture": "#3"},
				"west": {"uv": [0, 0, 0.5, 0], "texture": "#3"},
				"up": {"uv": [0.5, 5, 3.5, 5.5], "texture": "#3"},
				"down": {"uv": [0.5, 5, 3.5, 5.5], "texture": "#3"}
			}
		},
		{
			"from": [4.75, 2, 2],
			"to": [10.75, 2.025, 3],
			"rotation": {"angle": 0, "axis": "y", "origin": [11.75, 0.025, 1]},
			"faces": {
				"north": {"uv": [0, 0, 3, 0], "texture": "#3"},
				"east": {"uv": [0, 0, 0.5, 0], "texture": "#3"},
				"south": {"uv": [0, 0, 3, 0], "texture": "#3"},
				"west": {"uv": [0, 0, 0.5, 0], "texture": "#3"},
				"up": {"uv": [0, 5, 3, 5.5], "texture": "#3"},
				"down": {"uv": [0, 5, 3, 5.5], "texture": "#3"}
			}
		},
		{
			"from": [4.75, 0.025, 12],
			"to": [10.75, 0.05, 13],
			"rotation": {"angle": 0, "axis": "y", "origin": [11.75, 0.025, 1]},
			"faces": {
				"north": {"uv": [0, 0, 3, 0], "texture": "#3"},
				"east": {"uv": [0, 0, 0.5, 0], "texture": "#3"},
				"south": {"uv": [0, 0, 3, 0], "texture": "#3"},
				"west": {"uv": [0, 0, 0.5, 0], "texture": "#3"},
				"up": {"uv": [4, 5, 7, 5.5], "texture": "#3"},
				"down": {"uv": [4, 5, 7, 5.5], "texture": "#3"}
			}
		},
		{
			"from": [4.75, 2, 12],
			"to": [10.75, 2.025, 13],
			"rotation": {"angle": 0, "axis": "y", "origin": [11.75, 0.025, 1]},
			"faces": {
				"north": {"uv": [0, 0, 3, 0], "texture": "#3"},
				"east": {"uv": [0, 0, 0.5, 0], "texture": "#3"},
				"south": {"uv": [0, 0, 3, 0], "texture": "#3"},
				"west": {"uv": [0, 0, 0.5, 0], "texture": "#3"},
				"up": {"uv": [0.5, 0, 3.5, 0.5], "texture": "#3"},
				"down": {"uv": [0.5, 0, 3.5, 0.5], "texture": "#3"}
			}
		},
		{
			"from": [3.75, 0.025, 2],
			"to": [4.75, 0.05, 13],
			"rotation": {"angle": 0, "axis": "y", "origin": [11.75, 0.025, 1]},
			"faces": {
				"north": {"uv": [0, 0, 0.5, 0], "texture": "#3"},
				"east": {"uv": [0, 0, 5.5, 0], "texture": "#3"},
				"south": {"uv": [0, 0, 0.5, 0], "texture": "#3"},
				"west": {"uv": [0, 0, 5.5, 0], "texture": "#3"},
				"up": {"uv": [6.5, 5.5, 7, 0], "texture": "#3"},
				"down": {"uv": [6.5, 0, 7, 5.5], "texture": "#3"}
			}
		},
		{
			"from": [3.75, 2, 2],
			"to": [4.75, 2.025, 13],
			"rotation": {"angle": 0, "axis": "y", "origin": [11.75, 0.025, 1]},
			"faces": {
				"north": {"uv": [0, 0, 0.5, 0], "texture": "#3"},
				"east": {"uv": [0, 0, 5.5, 0], "texture": "#3"},
				"south": {"uv": [0, 0, 0.5, 0], "texture": "#3"},
				"west": {"uv": [0, 0, 5.5, 0], "texture": "#3"},
				"up": {"uv": [3, 5.5, 3.5, 0], "texture": "#3"},
				"down": {"uv": [3, 0, 3.5, 5.5], "texture": "#3"}
			}
		},
		{
			"from": [3.75, 0.025, 6],
			"to": [3.75, 2.025, 8],
			"rotation": {"angle": 0, "axis": "y", "origin": [11.75, 0.025, 1]},
			"faces": {
				"north": {"uv": [0, 0, 0, 1], "rotation": 180, "texture": "#3"},
				"east": {"uv": [3.5, 5.5, 2.5, 6.5], "rotation": 270, "texture": "#3"},
				"south": {"uv": [0, 0, 0, 1], "texture": "#3"},
				"west": {"uv": [2.5, 5.5, 3.5, 6.5], "rotation": 90, "texture": "#3"},
				"up": {"uv": [0, 0, 0, 1], "rotation": 180, "texture": "#3"},
				"down": {"uv": [0, 0, 0, 1], "texture": "#3"}
			}
		},
		{
			"from": [9.75, 2.05, 2],
			"to": [10.75, 4.05, 13],
			"rotation": {"angle": 0, "axis": "y", "origin": [9.75, -0.2, 1]},
			"faces": {
				"north": {"uv": [0, 0, 0.5, 1], "texture": "#2"},
				"east": {"uv": [7, 9, 12.5, 10], "texture": "#2"},
				"south": {"uv": [0, 0, 0.5, 1], "texture": "#2"},
				"west": {"uv": [7, 9, 12.5, 10], "texture": "#2"},
				"up": {"uv": [7, 15.5, 7.5, 10], "texture": "#2"},
				"down": {"uv": [7, 10, 7.5, 15.5], "texture": "#2"}
			}
		},
		{
			"from": [3.75, 2.05, 3],
			"to": [9.75, 4.05, 12],
			"rotation": {"angle": 0, "axis": "y", "origin": [9.75, -0.2, 1]},
			"faces": {
				"north": {"uv": [10, 3, 13, 4], "texture": "#2"},
				"east": {"uv": [10, 2, 14.5, 3], "texture": "#2"},
				"south": {"uv": [10, 3, 13, 4], "texture": "#2"},
				"west": {"uv": [10, 2, 14.5, 3], "texture": "#2"},
				"up": {"uv": [3, 5, 0, 0.5], "texture": "#2"},
				"down": {"uv": [3.5, 0.5, 6.5, 5], "texture": "#2"}
			}
		},
		{
			"from": [3.75, 2.05, 2],
			"to": [9.75, 2.075, 3],
			"rotation": {"angle": 0, "axis": "y", "origin": [9.75, -0.2, 1]},
			"faces": {
				"north": {"uv": [0, 0, 3, 0], "texture": "#2"},
				"east": {"uv": [0, 0, 0.5, 0], "texture": "#2"},
				"south": {"uv": [0, 0, 3, 0], "texture": "#2"},
				"west": {"uv": [0, 0, 0.5, 0], "texture": "#2"},
				"up": {"uv": [0.5, 5, 3.5, 5.5], "texture": "#2"},
				"down": {"uv": [0.5, 5, 3.5, 5.5], "texture": "#2"}
			}
		},
		{
			"from": [3.75, 4.025, 2],
			"to": [9.75, 4.05, 3],
			"rotation": {"angle": 0, "axis": "y", "origin": [9.75, -0.2, 1]},
			"faces": {
				"north": {"uv": [0, 0, 3, 0], "texture": "#2"},
				"east": {"uv": [0, 0, 0.5, 0], "texture": "#2"},
				"south": {"uv": [0, 0, 3, 0], "texture": "#2"},
				"west": {"uv": [0, 0, 0.5, 0], "texture": "#2"},
				"up": {"uv": [0, 5, 3, 5.5], "texture": "#2"},
				"down": {"uv": [0, 5, 3, 5.5], "texture": "#2"}
			}
		},
		{
			"from": [3.75, 2.05, 12],
			"to": [9.75, 2.075, 13],
			"rotation": {"angle": 0, "axis": "y", "origin": [9.75, -0.2, 1]},
			"faces": {
				"north": {"uv": [0, 0, 3, 0], "texture": "#2"},
				"east": {"uv": [0, 0, 0.5, 0], "texture": "#2"},
				"south": {"uv": [0, 0, 3, 0], "texture": "#2"},
				"west": {"uv": [0, 0, 0.5, 0], "texture": "#2"},
				"up": {"uv": [4, 5, 7, 5.5], "texture": "#2"},
				"down": {"uv": [4, 5, 7, 5.5], "texture": "#2"}
			}
		},
		{
			"from": [3.75, 4.025, 12],
			"to": [9.75, 4.05, 13],
			"rotation": {"angle": 0, "axis": "y", "origin": [9.75, -0.2, 1]},
			"faces": {
				"north": {"uv": [0, 0, 3, 0], "texture": "#2"},
				"east": {"uv": [0, 0, 0.5, 0], "texture": "#2"},
				"south": {"uv": [0, 0, 3, 0], "texture": "#2"},
				"west": {"uv": [0, 0, 0.5, 0], "texture": "#2"},
				"up": {"uv": [0.5, 0, 3.5, 0.5], "texture": "#2"},
				"down": {"uv": [0.5, 0, 3.5, 0.5], "texture": "#2"}
			}
		},
		{
			"from": [2.75, 2.05, 2],
			"to": [3.75, 2.075, 13],
			"rotation": {"angle": 0, "axis": "y", "origin": [9.75, -0.2, 1]},
			"faces": {
				"north": {"uv": [0, 0, 0.5, 0], "texture": "#2"},
				"east": {"uv": [0, 0, 5.5, 0], "texture": "#2"},
				"south": {"uv": [0, 0, 0.5, 0], "texture": "#2"},
				"west": {"uv": [0, 0, 5.5, 0], "texture": "#2"},
				"up": {"uv": [6.5, 5.5, 7, 0], "texture": "#2"},
				"down": {"uv": [6.5, 0, 7, 5.5], "texture": "#2"}
			}
		},
		{
			"from": [2.75, 4.025, 2],
			"to": [3.75, 4.05, 13],
			"rotation": {"angle": 0, "axis": "y", "origin": [9.75, -0.2, 1]},
			"faces": {
				"north": {"uv": [0, 0, 0.5, 0], "texture": "#2"},
				"east": {"uv": [0, 0, 5.5, 0], "texture": "#2"},
				"south": {"uv": [0, 0, 0.5, 0], "texture": "#2"},
				"west": {"uv": [0, 0, 5.5, 0], "texture": "#2"},
				"up": {"uv": [3, 5.5, 3.5, 0], "texture": "#2"},
				"down": {"uv": [3, 0, 3.5, 5.5], "texture": "#2"}
			}
		},
		{
			"from": [2.75, 2.05, 6],
			"to": [2.75, 4.05, 8],
			"rotation": {"angle": 0, "axis": "y", "origin": [9.75, -0.2, 1]},
			"faces": {
				"north": {"uv": [0, 0, 0, 1], "rotation": 180, "texture": "#2"},
				"east": {"uv": [3.5, 5.5, 2.5, 6.5], "rotation": 270, "texture": "#2"},
				"south": {"uv": [0, 0, 0, 1], "texture": "#2"},
				"west": {"uv": [2.5, 5.5, 3.5, 6.5], "rotation": 90, "texture": "#2"},
				"up": {"uv": [0, 0, 0, 1], "rotation": 180, "texture": "#2"},
				"down": {"uv": [0, 0, 0, 1], "texture": "#2"}
			}
		},
		{
			"from": [10.75, 4.075, 2],
			"to": [11.75, 6.075, 13],
			"rotation": {"angle": 0, "axis": "y", "origin": [11.75, -0.425, 1]},
			"faces": {
				"north": {"uv": [0, 0, 0.5, 1], "rotation": 180, "texture": "#0"},
				"east": {"uv": [7, 9, 12.5, 10], "rotation": 180, "texture": "#0"},
				"south": {"uv": [0, 0, 0.5, 1], "rotation": 180, "texture": "#0"},
				"west": {"uv": [7, 9, 12.5, 10], "rotation": 180, "texture": "#0"},
				"up": {"uv": [7, 10, 7.5, 15.5], "texture": "#0"},
				"down": {"uv": [7, 15.5, 7.5, 10], "texture": "#0"}
			}
		},
		{
			"from": [4.75, 4.075, 3],
			"to": [10.75, 6.075, 12],
			"rotation": {"angle": 0, "axis": "y", "origin": [11.75, -0.425, 1]},
			"faces": {
				"north": {"uv": [10, 3, 13, 4], "rotation": 180, "texture": "#0"},
				"east": {"uv": [10, 2, 14.5, 3], "rotation": 180, "texture": "#0"},
				"south": {"uv": [10, 3, 13, 4], "rotation": 180, "texture": "#0"},
				"west": {"uv": [10, 2, 14.5, 3], "rotation": 180, "texture": "#0"},
				"up": {"uv": [3.5, 0.5, 6.5, 5], "texture": "#0"},
				"down": {"uv": [3, 5, 0, 0.5], "texture": "#0"}
			}
		},
		{
			"from": [4.75, 6.05, 12],
			"to": [10.75, 6.075, 13],
			"rotation": {"angle": 0, "axis": "y", "origin": [11.75, -0.425, 1]},
			"faces": {
				"north": {"uv": [0, 0, 3, 0], "rotation": 180, "texture": "#0"},
				"east": {"uv": [0, 0, 0.5, 0], "rotation": 180, "texture": "#0"},
				"south": {"uv": [0, 0, 3, 0], "rotation": 180, "texture": "#0"},
				"west": {"uv": [0, 0, 0.5, 0], "rotation": 180, "texture": "#0"},
				"up": {"uv": [0.5, 5, 3.5, 5.5], "texture": "#0"},
				"down": {"uv": [0.5, 5, 3.5, 5.5], "texture": "#0"}
			}
		},
		{
			"from": [4.75, 4.075, 12],
			"to": [10.75, 4.1, 13],
			"rotation": {"angle": 0, "axis": "y", "origin": [11.75, -0.425, 1]},
			"faces": {
				"north": {"uv": [0, 0, 3, 0], "rotation": 180, "texture": "#0"},
				"east": {"uv": [0, 0, 0.5, 0], "rotation": 180, "texture": "#0"},
				"south": {"uv": [0, 0, 3, 0], "rotation": 180, "texture": "#0"},
				"west": {"uv": [0, 0, 0.5, 0], "rotation": 180, "texture": "#0"},
				"up": {"uv": [0, 5, 3, 5.5], "texture": "#0"},
				"down": {"uv": [0, 5, 3, 5.5], "texture": "#0"}
			}
		},
		{
			"from": [4.75, 6.05, 2],
			"to": [10.75, 6.075, 3],
			"rotation": {"angle": 0, "axis": "y", "origin": [11.75, -0.425, 1]},
			"faces": {
				"north": {"uv": [0, 0, 3, 0], "rotation": 180, "texture": "#0"},
				"east": {"uv": [0, 0, 0.5, 0], "rotation": 180, "texture": "#0"},
				"south": {"uv": [0, 0, 3, 0], "rotation": 180, "texture": "#0"},
				"west": {"uv": [0, 0, 0.5, 0], "rotation": 180, "texture": "#0"},
				"up": {"uv": [4, 5, 7, 5.5], "texture": "#0"},
				"down": {"uv": [4, 5, 7, 5.5], "texture": "#0"}
			}
		},
		{
			"from": [4.75, 4.075, 2],
			"to": [10.75, 4.1, 3],
			"rotation": {"angle": 0, "axis": "y", "origin": [11.75, -0.425, 1]},
			"faces": {
				"north": {"uv": [0, 0, 3, 0], "rotation": 180, "texture": "#0"},
				"east": {"uv": [0, 0, 0.5, 0], "rotation": 180, "texture": "#0"},
				"south": {"uv": [0, 0, 3, 0], "rotation": 180, "texture": "#0"},
				"west": {"uv": [0, 0, 0.5, 0], "rotation": 180, "texture": "#0"},
				"up": {"uv": [0.5, 0, 3.5, 0.5], "texture": "#0"},
				"down": {"uv": [0.5, 0, 3.5, 0.5], "texture": "#0"}
			}
		},
		{
			"from": [3.75, 6.05, 2],
			"to": [4.75, 6.075, 13],
			"rotation": {"angle": 0, "axis": "y", "origin": [11.75, -0.425, 1]},
			"faces": {
				"north": {"uv": [0, 0, 0.5, 0], "rotation": 180, "texture": "#0"},
				"east": {"uv": [0, 0, 5.5, 0], "rotation": 180, "texture": "#0"},
				"south": {"uv": [0, 0, 0.5, 0], "rotation": 180, "texture": "#0"},
				"west": {"uv": [0, 0, 5.5, 0], "rotation": 180, "texture": "#0"},
				"up": {"uv": [6.5, 0, 7, 5.5], "texture": "#0"},
				"down": {"uv": [6.5, 5.5, 7, 0], "texture": "#0"}
			}
		},
		{
			"from": [3.75, 4.075, 2],
			"to": [4.75, 4.1, 13],
			"rotation": {"angle": 0, "axis": "y", "origin": [11.75, -0.425, 1]},
			"faces": {
				"north": {"uv": [0, 0, 0.5, 0], "rotation": 180, "texture": "#0"},
				"east": {"uv": [0, 0, 5.5, 0], "rotation": 180, "texture": "#0"},
				"south": {"uv": [0, 0, 0.5, 0], "rotation": 180, "texture": "#0"},
				"west": {"uv": [0, 0, 5.5, 0], "rotation": 180, "texture": "#0"},
				"up": {"uv": [3, 0, 3.5, 5.5], "texture": "#0"},
				"down": {"uv": [3, 5.5, 3.5, 0], "texture": "#0"}
			}
		},
		{
			"from": [3.75, 4.075, 7],
			"to": [3.75, 6.075, 9],
			"rotation": {"angle": 0, "axis": "y", "origin": [11.75, -0.425, 1]},
			"faces": {
				"north": {"uv": [0, 0, 0, 1], "rotation": 180, "texture": "#0"},
				"east": {"uv": [3.5, 5.5, 2.5, 6.5], "rotation": 90, "texture": "#0"},
				"south": {"uv": [0, 0, 0, 1], "texture": "#0"},
				"west": {"uv": [2.5, 5.5, 3.5, 6.5], "rotation": 270, "texture": "#0"},
				"up": {"uv": [0, 0, 0, 1], "texture": "#0"},
				"down": {"uv": [0, 0, 0, 1], "rotation": 180, "texture": "#0"}
			}
		}
	],
	"groups": [
		{
			"name": "book",
			"origin": [8, 8, 8],
			"color": 0,
			"children": [0, 1, 2, 3, 4, 5, 6, 7, 8]
		},
		{
			"name": "book",
			"origin": [8, 8, 8],
			"color": 0,
			"children": [9, 10, 11, 12, 13, 14, 15, 16, 17]
		},
		{
			"name": "book",
			"origin": [8, 8, 8],
			"color": 0,
			"children": [18, 19, 20, 21, 22, 23, 24, 25, 26]
		}
	]
}