{
	"credit": "Made with Blockbench",
	"texture_size": [32, 32],
	"textures": {
		"0": "produce/bread_2",
		"1": "produce/bread_1",
		"particle": "produce/bread_2"
	},
	"elements": [
		{
			"from": [2, 2, 5],
			"to": [5, 3, 16],
			"rotation": {"angle": 22.5, "axis": "y", "origin": [1, 0, 5]},
			"faces": {
				"north": {"uv": [6.5, 3.5, 8, 4], "texture": "#0"},
				"east": {"uv": [1.5, 6.5, 7, 7], "texture": "#0"},
				"south": {"uv": [6.5, 3.5, 8, 4], "texture": "#0"},
				"west": {"uv": [1.5, 6.5, 7, 7], "texture": "#0"},
				"up": {"uv": [6.5, 5.5, 5, 0], "texture": "#0"},
				"down": {"uv": [1.5, 5.5, 0, 11], "texture": "#0"}
			}
		},
		{
			"from": [1, 0, 5],
			"to": [6, 2, 16],
			"rotation": {"angle": 22.5, "axis": "y", "origin": [1, 0, 5]},
			"faces": {
				"north": {"uv": [6.5, 1.5, 9, 2.5], "texture": "#0"},
				"east": {"uv": [1.5, 5.5, 7, 6.5], "texture": "#0"},
				"south": {"uv": [6.5, 1.5, 9, 2.5], "texture": "#0"},
				"west": {"uv": [1.5, 5.5, 7, 6.5], "texture": "#0"},
				"up": {"uv": [2.5, 5.5, 0, 0], "texture": "#0"},
				"down": {"uv": [5, 0, 2.5, 5.5], "texture": "#0"}
			}
		},
		{
			"from": [8.5, 0, 3],
			"to": [15.5, 2, 8],
			"rotation": {"angle": 0, "axis": "x", "origin": [8.5, 0, 2]},
			"faces": {
				"north": {"uv": [6, 2.5, 9.5, 3.5], "texture": "#1"},
				"east": {"uv": [2.5, 7, 5, 8], "texture": "#1"},
				"south": {"uv": [6, 2.5, 9.5, 3.5], "texture": "#1"},
				"west": {"uv": [2.5, 7, 5, 8], "texture": "#1"},
				"up": {"uv": [3.5, 2.5, 0, 0], "texture": "#1"},
				"down": {"uv": [3.5, 2.5, 0, 5], "texture": "#1"}
			}
		},
		{
			"from": [9.5, 2, 3],
			"to": [14.5, 3, 8],
			"rotation": {"angle": 0, "axis": "x", "origin": [8.5, 0, 2]},
			"faces": {
				"north": {"uv": [7.5, 7.5, 10, 8], "texture": "#1"},
				"east": {"uv": [7.5, 7.5, 10, 8], "texture": "#1"},
				"south": {"uv": [7.5, 7.5, 10, 8], "texture": "#1"},
				"west": {"uv": [7.5, 7.5, 10, 8], "texture": "#1"},
				"up": {"uv": [2.5, 7.5, 0, 5], "texture": "#1"},
				"down": {"uv": [8.5, 0, 6, 2.5], "texture": "#1"}
			}
		},
		{
			"from": [9.5, 0, 2],
			"to": [14.5, 2, 9],
			"rotation": {"angle": 0, "axis": "x", "origin": [8.5, 0, 2]},
			"faces": {
				"north": {"uv": [2.5, 7, 5, 8], "texture": "#1"},
				"east": {"uv": [6, 2.5, 9.5, 3.5], "texture": "#1"},
				"south": {"uv": [2.5, 7, 5, 8], "texture": "#1"},
				"west": {"uv": [6, 2.5, 9.5, 3.5], "texture": "#1"},
				"up": {"uv": [3.5, 2.5, 0, 0], "rotation": 90, "texture": "#1"},
				"down": {"uv": [0, 5, 3.5, 2.5], "rotation": 90, "texture": "#1"}
			}
		}
	],
	"groups": [
		{
			"name": "loaf",
			"origin": [5, 0, 4],
			"color": 0,
			"children": [0, 1]
		},
		{
			"name": "loaf",
			"origin": [8, 8, 8],
			"color": 0,
			"children": [
				{
					"name": "loaf",
					"origin": [6, 0, 5],
					"color": 0,
					"children": [2, 3, 4]
				}
			]
		}
	]
}