{
	"credit": "Made with Blockbench",
	"textures": {
		"0": "ingots/gold",
		"particle": "ingots/gold"
	},
	"elements": [
		{
			"name": "ingot",
			"from": [10.5, 0, 4.5],
			"to": [13.5, 2, 11.5],
			"rotation": {"angle": 0, "axis": "y", "origin": [9.5, 0, 4.5]},
			"faces": {
				"north": {"uv": [6, 2, 9, 4], "texture": "#0"},
				"east": {"uv": [6, 0, 13, 2], "texture": "#0"},
				"south": {"uv": [6, 2, 9, 4], "texture": "#0"},
				"west": {"uv": [6, 0, 13, 2], "texture": "#0"},
				"up": {"uv": [3, 7, 0, 0], "texture": "#0"},
				"down": {"uv": [6, 0, 3, 7], "texture": "#0"}
			}
		},
		{
			"name": "ingot",
			"from": [6.5, 0, 4.5],
			"to": [9.5, 2, 11.5],
			"rotation": {"angle": 0, "axis": "y", "origin": [5.5, 0, 4.5]},
			"faces": {
				"north": {"uv": [6, 2, 9, 4], "texture": "#0"},
				"east": {"uv": [6, 0, 13, 2], "texture": "#0"},
				"south": {"uv": [6, 2, 9, 4], "texture": "#0"},
				"west": {"uv": [6, 0, 13, 2], "texture": "#0"},
				"up": {"uv": [3, 7, 0, 0], "texture": "#0"},
				"down": {"uv": [6, 0, 3, 7], "texture": "#0"}
			}
		},
		{
			"name": "ingot",
			"from": [8.5, 2, 4.5],
			"to": [11.5, 4, 11.5],
			"rotation": {"angle": 0, "axis": "y", "origin": [7.5, 2, 4.5]},
			"faces": {
				"north": {"uv": [6, 2, 9, 4], "texture": "#0"},
				"east": {"uv": [6, 0, 13, 2], "texture": "#0"},
				"south": {"uv": [6, 2, 9, 4], "texture": "#0"},
				"west": {"uv": [6, 0, 13, 2], "texture": "#0"},
				"up": {"uv": [3, 7, 0, 0], "texture": "#0"},
				"down": {"uv": [6, 0, 3, 7], "texture": "#0"}
			}
		},
		{
			"name": "ingot",
			"from": [2.5, 0, 4.5],
			"to": [5.5, 2, 11.5],
			"rotation": {"angle": 0, "axis": "y", "origin": [1.5, 0, 4.5]},
			"faces": {
				"north": {"uv": [6, 2, 9, 4], "texture": "#0"},
				"east": {"uv": [6, 0, 13, 2], "texture": "#0"},
				"south": {"uv": [6, 2, 9, 4], "texture": "#0"},
				"west": {"uv": [6, 0, 13, 2], "texture": "#0"},
				"up": {"uv": [3, 7, 0, 0], "texture": "#0"},
				"down": {"uv": [6, 0, 3, 7], "texture": "#0"}
			}
		},
		{
			"name": "ingot",
			"from": [4.5, 2, 4.5],
			"to": [7.5, 4, 11.5],
			"rotation": {"angle": 0, "axis": "y", "origin": [3.5, 2, 4.5]},
			"faces": {
				"north": {"uv": [6, 2, 9, 4], "texture": "#0"},
				"east": {"uv": [6, 0, 13, 2], "texture": "#0"},
				"south": {"uv": [6, 2, 9, 4], "texture": "#0"},
				"west": {"uv": [6, 0, 13, 2], "texture": "#0"},
				"up": {"uv": [3, 7, 0, 0], "texture": "#0"},
				"down": {"uv": [6, 0, 3, 7], "texture": "#0"}
			}
		},
		{
			"name": "ingot",
			"from": [6.5, 4, 4.5],
			"to": [9.5, 6, 11.5],
			"rotation": {"angle": 0, "axis": "y", "origin": [5.5, 4, 4.5]},
			"faces": {
				"north": {"uv": [6, 2, 9, 4], "texture": "#0"},
				"east": {"uv": [6, 0, 13, 2], "texture": "#0"},
				"south": {"uv": [6, 2, 9, 4], "texture": "#0"},
				"west": {"uv": [6, 0, 13, 2], "texture": "#0"},
				"up": {"uv": [3, 7, 0, 0], "texture": "#0"},
				"down": {"uv": [6, 0, 3, 7], "texture": "#0"}
			}
		}
	]
}