{
	"credit": "Made with Blockbench",
	"textures": {
		"1": "produce/pile_beets",
		"2": "produce/beet",
		"particle": "produce/pile_beets",
		"1_1": "produce/bag_2"
	},
	"elements": [
		{
			"from": [4, 0, 2],
			"to": [12, 4, 14],
			"rotation": {"angle": 0, "axis": "x", "origin": [8, 5.5, 8]},
			"faces": {
				"north": {"uv": [11.25, 0, 13.25, 1], "texture": "#1_1"},
				"east": {"uv": [10, 4, 13, 5], "texture": "#1_1"},
				"south": {"uv": [11.25, 1, 13.25, 2], "texture": "#1_1"},
				"west": {"uv": [10, 4, 13, 5], "texture": "#1_1"},
				"up": {"uv": [8.75, 2, 5.75, 0], "rotation": 90, "texture": "#1_1"},
				"down": {"uv": [8.75, 4, 5.75, 2], "rotation": 90, "texture": "#1_1"}
			}
		},
		{
			"from": [2, 0, 4],
			"to": [14, 4, 12],
			"rotation": {"angle": 0, "axis": "x", "origin": [8, 5.5, 8]},
			"faces": {
				"north": {"uv": [10, 4, 13, 5], "texture": "#1_1"},
				"east": {"uv": [11.25, 1, 13.25, 2], "texture": "#1_1"},
				"south": {"uv": [10, 4, 13, 5], "texture": "#1_1"},
				"west": {"uv": [11.25, 0, 13.25, 1], "texture": "#1_1"},
				"up": {"uv": [8.75, 2, 5.75, 0], "texture": "#1_1"},
				"down": {"uv": [8.75, 2, 5.75, 4], "texture": "#1_1"}
			}
		},
		{
			"from": [4, 2, 4],
			"to": [12, 7, 12],
			"rotation": {"angle": 0, "axis": "x", "origin": [8, 5.5, 8]},
			"faces": {
				"north": {"uv": [0, 11, 2, 12.25], "texture": "#1_1"},
				"east": {"uv": [0, 11, 2, 12.25], "texture": "#1_1"},
				"south": {"uv": [0, 11, 2, 12.25], "texture": "#1_1"},
				"west": {"uv": [0, 11, 2, 12.25], "texture": "#1_1"},
				"up": {"uv": [2, 10, 0, 8], "texture": "#1_1"},
				"down": {"uv": [4, 8, 2, 10], "texture": "#1_1"}
			}
		},
		{
			"from": [3, 7, 3],
			"to": [13, 9, 13],
			"rotation": {"angle": 0, "axis": "x", "origin": [8, 5.5, 8]},
			"faces": {
				"north": {"uv": [10, 8, 12.5, 8.5], "texture": "#1_1"},
				"east": {"uv": [10, 8, 12.5, 8.5], "texture": "#1_1"},
				"south": {"uv": [10, 8, 12.5, 8.5], "texture": "#1_1"},
				"west": {"uv": [4, 9.5, 6.5, 10], "texture": "#1_1"},
				"up": {"uv": [5.75, 2.5, 3.25, 0], "texture": "#1_1"},
				"down": {"uv": [5.75, 2.5, 3.25, 5], "texture": "#1_1"}
			}
		},
		{
			"from": [1, 6, 3],
			"to": [14, 10, 3],
			"rotation": {"angle": 0, "axis": "x", "origin": [8, 5.5, 8]},
			"faces": {
				"north": {"uv": [8.75, 3, 12, 4], "texture": "#1_1"},
				"east": {"uv": [0, 0, 0, 1], "texture": "#1_1"},
				"south": {"uv": [12, 3, 8.75, 4], "texture": "#1_1"},
				"west": {"uv": [0, 0, 0, 1], "texture": "#1_1"},
				"up": {"uv": [3.25, 0, 0, 0], "texture": "#1_1"},
				"down": {"uv": [3.25, 0, 0, 0], "texture": "#1_1"}
			}
		},
		{
			"from": [3, 0, 2],
			"to": [13, 6, 2],
			"rotation": {"angle": 0, "axis": "x", "origin": [8, 5.5, 8]},
			"faces": {
				"north": {"uv": [4, 8, 6.5, 9.5], "texture": "#1_1"},
				"east": {"uv": [0, 0, 0, 1.5], "texture": "#1_1"},
				"south": {"uv": [6.5, 8, 4, 9.5], "texture": "#1_1"},
				"west": {"uv": [0, 0, 0, 1.5], "texture": "#1_1"},
				"up": {"uv": [2.5, 0, 0, 0], "texture": "#1_1"},
				"down": {"uv": [2.5, 0, 0, 0], "texture": "#1_1"}
			}
		},
		{
			"from": [2, 0, 2],
			"to": [2, 6, 13],
			"rotation": {"angle": 0, "axis": "x", "origin": [8, 5.5, 8]},
			"faces": {
				"north": {"uv": [0, 0, 0, 1.5], "texture": "#1_1"},
				"east": {"uv": [10, 4, 7.25, 5.5], "texture": "#1_1"},
				"south": {"uv": [0, 0, 0, 1.5], "texture": "#1_1"},
				"west": {"uv": [7.25, 4, 10, 5.5], "texture": "#1_1"},
				"up": {"uv": [0, 2.75, 0, 0], "texture": "#1_1"},
				"down": {"uv": [0, 0, 0, 2.75], "texture": "#1_1"}
			}
		},
		{
			"from": [3, 0, 14],
			"to": [13, 6, 14],
			"rotation": {"angle": 0, "axis": "x", "origin": [8, 5.5, 8]},
			"faces": {
				"north": {"uv": [11.25, 1.5, 8.75, 3], "texture": "#1_1"},
				"east": {"uv": [0, 0, 0, 1.5], "texture": "#1_1"},
				"south": {"uv": [8.75, 1.5, 11.25, 3], "texture": "#1_1"},
				"west": {"uv": [0, 0, 0, 1.5], "texture": "#1_1"},
				"up": {"uv": [2.5, 0, 0, 0], "texture": "#1_1"},
				"down": {"uv": [2.5, 0, 0, 0], "texture": "#1_1"}
			}
		},
		{
			"from": [14, 0, 3],
			"to": [14, 6, 14],
			"rotation": {"angle": 0, "axis": "x", "origin": [8, 5.5, 8]},
			"faces": {
				"north": {"uv": [0, 0, 0, 1.5], "texture": "#1_1"},
				"east": {"uv": [7.25, 5.5, 10, 7], "texture": "#1_1"},
				"south": {"uv": [0, 0, 0, 1.5], "texture": "#1_1"},
				"west": {"uv": [10, 5.5, 7.25, 7], "texture": "#1_1"},
				"up": {"uv": [0, 2.75, 0, 0], "texture": "#1_1"},
				"down": {"uv": [0, 0, 0, 2.75], "texture": "#1_1"}
			}
		},
		{
			"from": [13, 6, 2],
			"to": [13, 10, 14],
			"rotation": {"angle": 0, "axis": "x", "origin": [8, 5.5, 8]},
			"faces": {
				"north": {"uv": [0, 0, 0, 1], "texture": "#1_1"},
				"east": {"uv": [10, 7, 13, 8], "texture": "#1_1"},
				"south": {"uv": [0, 0, 0, 1], "texture": "#1_1"},
				"west": {"uv": [13, 7, 10, 8], "texture": "#1_1"},
				"up": {"uv": [0, 3, 0, 0], "texture": "#1_1"},
				"down": {"uv": [0, 0, 0, 3], "texture": "#1_1"}
			}
		},
		{
			"from": [2, 9, 2],
			"to": [15, 9, 15],
			"rotation": {"angle": 0, "axis": "x", "origin": [8, 5.5, 8]},
			"faces": {
				"north": {"uv": [0, 0, 3.25, 0], "texture": "#1_1"},
				"east": {"uv": [0, 0, 3.25, 0], "texture": "#1_1"},
				"south": {"uv": [0, 0, 3.25, 0], "texture": "#1_1"},
				"west": {"uv": [0, 0, 3.25, 0], "texture": "#1_1"},
				"up": {"uv": [3.25, 3.25, 0, 0], "texture": "#1_1"},
				"down": {"uv": [0, 3.25, 3.25, 0], "rotation": 180, "texture": "#1_1"}
			}
		},
		{
			"from": [3, 6, 1],
			"to": [3, 10, 14],
			"rotation": {"angle": 0, "axis": "x", "origin": [8, 5.5, 8]},
			"faces": {
				"north": {"uv": [0, 0, 0, 1], "texture": "#1_1"},
				"east": {"uv": [3.25, 10, 0, 11], "texture": "#1_1"},
				"south": {"uv": [0, 0, 0, 1], "texture": "#1_1"},
				"west": {"uv": [0, 10, 3.25, 11], "texture": "#1_1"},
				"up": {"uv": [0, 3.25, 0, 0], "texture": "#1_1"},
				"down": {"uv": [0, 0, 0, 3.25], "texture": "#1_1"}
			}
		},
		{
			"from": [5, 8.25, 5],
			"to": [11, 9.25, 10],
			"rotation": {"angle": 0, "axis": "y", "origin": [4, 8.25, 6]},
			"faces": {
				"north": {"uv": [5.5, 7, 8.5, 7.5], "texture": "#1"},
				"east": {"uv": [5.5, 7, 8, 7.5], "texture": "#1"},
				"south": {"uv": [5.5, 7, 8.5, 7.5], "texture": "#1"},
				"west": {"uv": [5.5, 7, 8, 7.5], "texture": "#1"},
				"up": {"uv": [3, 2.5, 0, 0], "texture": "#1"},
				"down": {"uv": [3, 2.5, 0, 5], "texture": "#1"}
			}
		},
		{
			"from": [6, 8.25, 4],
			"to": [10, 9.25, 11],
			"rotation": {"angle": 0, "axis": "y", "origin": [4, 8.25, 6]},
			"faces": {
				"north": {"uv": [6, 7, 8, 7.5], "texture": "#1"},
				"east": {"uv": [5, 7, 8.5, 7.5], "texture": "#1"},
				"south": {"uv": [6, 7, 8, 7.5], "texture": "#1"},
				"west": {"uv": [5, 7, 8.5, 7.5], "texture": "#1"},
				"up": {"uv": [2.5, 3.5, 0.5, 0], "texture": "#1"},
				"down": {"uv": [5, 3.5, 3, 7], "texture": "#1"}
			}
		},
		{
			"from": [4, 8.25, 6],
			"to": [12, 9.25, 9],
			"rotation": {"angle": 0, "axis": "y", "origin": [4, 8.25, 6]},
			"faces": {
				"north": {"uv": [5, 7, 9, 7.5], "texture": "#1"},
				"east": {"uv": [6, 7, 7.5, 7.5], "texture": "#1"},
				"south": {"uv": [5, 7, 9, 7.5], "texture": "#1"},
				"west": {"uv": [6, 7, 7.5, 7.5], "texture": "#1"},
				"up": {"uv": [4, 2.5, 0, 1], "texture": "#1"},
				"down": {"uv": [9, 1.5, 5, 3], "texture": "#1"}
			}
		},
		{
			"from": [6, 8.25, 6],
			"to": [8, 10.5, 9],
			"rotation": {"angle": 0, "axis": "y", "origin": [6, 8.25, 5]},
			"faces": {
				"north": {"uv": [9, 4, 10, 5], "texture": "#1"},
				"east": {"uv": [7, 4, 8.5, 5], "texture": "#1"},
				"south": {"uv": [9, 4, 10, 5], "texture": "#1"},
				"west": {"uv": [7.5, 4, 9, 5], "texture": "#1"},
				"up": {"uv": [2, 2, 1, 0.5], "texture": "#1"},
				"down": {"uv": [4, 5.5, 3, 7], "texture": "#1"}
			}
		},
		{
			"from": [5, 8.25, 6],
			"to": [11, 9.75, 9],
			"rotation": {"angle": 0, "axis": "y", "origin": [0, 8.25, -3]},
			"faces": {
				"north": {"uv": [7, 3, 10, 4], "texture": "#1"},
				"east": {"uv": [9, 7, 10.5, 8], "texture": "#1"},
				"south": {"uv": [7, 4, 10, 5], "texture": "#1"},
				"west": {"uv": [7.5, 4, 9, 5], "texture": "#1"},
				"up": {"uv": [3, 2.5, 0, 1], "texture": "#1"},
				"down": {"uv": [3, 3.5, 0, 5], "texture": "#1"}
			}
		},
		{
			"from": [6, 9.25, 5],
			"to": [10, 10, 10],
			"rotation": {"angle": 0, "axis": "y", "origin": [8, 9.25, 8]},
			"faces": {
				"north": {"uv": [7.5, 3, 9.5, 3.5], "texture": "#1"},
				"east": {"uv": [8.5, 7.5, 11, 8], "texture": "#1"},
				"south": {"uv": [7.5, 4, 9.5, 4.5], "texture": "#1"},
				"west": {"uv": [7, 4, 9.5, 4.5], "texture": "#1"},
				"up": {"uv": [2.5, 2.5, 0.5, 0], "texture": "#1"},
				"down": {"uv": [7, 3, 5, 5.5], "texture": "#1"}
			}
		},
		{
			"from": [7.5, 8.5, 9.25],
			"to": [8.5, 9.5, 10.25],
			"rotation": {"angle": -45, "axis": "z", "origin": [7, 8.5, 8.75]},
			"faces": {
				"north": {"uv": [12, 0, 13, 1], "rotation": 270, "texture": "#2"},
				"east": {"uv": [12, 7, 13, 8], "rotation": 90, "texture": "#2"},
				"south": {"uv": [12, 2, 13, 3], "rotation": 90, "texture": "#2"},
				"west": {"uv": [9, 2, 10, 3], "rotation": 90, "texture": "#2"},
				"up": {"uv": [10, 8, 11, 9], "rotation": 90, "texture": "#2"},
				"down": {"uv": [12, 1, 13, 2], "rotation": 90, "texture": "#2"}
			}
		},
		{
			"from": [7, 9.5, 8.75],
			"to": [9, 11.5, 10.75],
			"rotation": {"angle": -45, "axis": "z", "origin": [7, 8.5, 8.75]},
			"faces": {
				"north": {"uv": [0, 11, 2, 13], "rotation": 270, "texture": "#2"},
				"east": {"uv": [10, 0, 12, 2], "rotation": 90, "texture": "#2"},
				"south": {"uv": [10, 6, 12, 8], "rotation": 90, "texture": "#2"},
				"west": {"uv": [8, 0, 10, 2], "rotation": 90, "texture": "#2"},
				"up": {"uv": [8, 6, 10, 8], "rotation": 90, "texture": "#2"},
				"down": {"uv": [1, 10, 3, 12], "rotation": 90, "texture": "#2"}
			}
		},
		{
			"from": [7.5, 11.5, 9.75],
			"to": [8.5, 12.5, 9.75],
			"rotation": {"angle": -45, "axis": "z", "origin": [7, 8.5, 8.75]},
			"faces": {
				"north": {"uv": [1, 1, 2, 2], "rotation": 270, "texture": "#2"},
				"east": {"uv": [0, 0, 1, 0], "rotation": 90, "texture": "#2"},
				"south": {"uv": [1, 2, 2, 3], "rotation": 90, "texture": "#2"},
				"west": {"uv": [0, 0, 1, 0], "rotation": 90, "texture": "#2"},
				"up": {"uv": [0, 0, 0, 1], "rotation": 90, "texture": "#2"},
				"down": {"uv": [0, 0, 0, 1], "rotation": 90, "texture": "#2"}
			}
		},
		{
			"from": [8, 11.5, 9.25],
			"to": [8, 12.5, 10.25],
			"rotation": {"angle": -45, "axis": "z", "origin": [7, 8.5, 8.75]},
			"faces": {
				"north": {"uv": [0, 0, 1, 0], "rotation": 90, "texture": "#2"},
				"east": {"uv": [1, 2, 2, 3], "rotation": 270, "texture": "#2"},
				"south": {"uv": [0, 0, 1, 0], "rotation": 90, "texture": "#2"},
				"west": {"uv": [1, 1, 2, 2], "rotation": 90, "texture": "#2"},
				"up": {"uv": [0, 0, 0, 1], "rotation": 180, "texture": "#2"},
				"down": {"uv": [0, 0, 0, 1], "texture": "#2"}
			}
		}
	],
	"groups": [
		{
			"name": "produce bag 2",
			"origin": [4, 2, 13],
			"color": 0,
			"children": [
				0,
				1,
				2,
				3,
				{
					"name": "group",
					"origin": [4, 2, 13],
					"color": 0,
					"children": [4, 5, 6, 7, 8, 9, 10, 11]
				}
			]
		},
		{
			"name": "pile",
			"origin": [0, 0, 0],
			"color": 0,
			"children": [12, 13, 14, 15, 16, 17]
		},
		{
			"name": "beet",
			"origin": [8, 8, 8],
			"color": 0,
			"children": [18, 19, 20, 21]
		}
	]
}