{
	"credit": "Made with Blockbench",
	"textures": {
		"0": "ender/eye_of_ender",
		"1": "ender/eye_overlay",
		"particle": "ender/eye_of_ender"
	},
	"elements": [
		{
			"name": "overlay",
			"from": [5.5, 0, 5.5],
			"to": [10.5, 5, 10.5],
			"rotation": {"angle": 0, "axis": "y", "origin": [8, 2.5, 8]},
			"faces": {
				"north": {"uv": [0, 0, 5, 5], "texture": "#1"},
				"east": {"uv": [0, 5, 5, 10], "texture": "#1"},
				"south": {"uv": [0, 5, 5, 10], "texture": "#1"},
				"west": {"uv": [0, 5, 5, 10], "texture": "#1"},
				"up": {"uv": [5, 10, 0, 5], "texture": "#1"},
				"down": {"uv": [5, 5, 0, 10], "texture": "#1"}
			}
		},
		{
			"name": "core",
			"from": [6, 0.5, 6],
			"to": [10, 4.5, 10],
			"rotation": {"angle": 0, "axis": "y", "origin": [8, 2.5, 8]},
			"faces": {
				"north": {"uv": [0, 0, 4, 4], "texture": "#0"},
				"east": {"uv": [0, 4, 4, 8], "texture": "#0"},
				"south": {"uv": [0, 4, 4, 8], "texture": "#0"},
				"west": {"uv": [0, 4, 4, 8], "texture": "#0"},
				"up": {"uv": [4, 8, 0, 4], "texture": "#0"},
				"down": {"uv": [4, 4, 0, 8], "texture": "#0"}
			}
		}
	],
	"groups": [
		{
			"name": "eye",
			"origin": [6, 3, 6],
			"color": 0,
			"children": [0, 1]
		}
	]
}