{
	"credit": "Made with Blockbench",
	"texture_size": [64, 64],
	"textures": {
		"0": "bag 1",
		"1": "bag 2",
		"2": "bag 3",
		"particle": "bag 1"
	},
	"elements": [
		{
			"from": [3, 0, 1],
			"to": [13, 6, 15],
			"rotation": {"angle": 0, "axis": "x", "origin": [8, 7, 8]},
			"faces": {
				"north": {"uv": [9, 3.5, 11.5, 5], "texture": "#2"},
				"east": {"uv": [0, 9, 3.5, 10.5], "texture": "#2"},
				"south": {"uv": [9, 3.5, 11.5, 5], "texture": "#2"},
				"west": {"uv": [0, 9, 3.5, 10.5], "texture": "#2"},
				"up": {"uv": [9, 2.5, 5.5, 0], "rotation": 90, "texture": "#2"},
				"down": {"uv": [9, 5, 5.5, 2.5], "rotation": 90, "texture": "#2"}
			}
		},
		{
			"from": [1, 0, 3],
			"to": [15, 6, 13],
			"rotation": {"angle": 0, "axis": "x", "origin": [8, 7, 8]},
			"faces": {
				"north": {"uv": [0, 9, 3.5, 10.5], "texture": "#2"},
				"east": {"uv": [9, 3.5, 11.5, 5], "texture": "#2"},
				"south": {"uv": [0, 9, 3.5, 10.5], "texture": "#2"},
				"west": {"uv": [9, 3.5, 11.5, 5], "texture": "#2"},
				"up": {"uv": [9, 2.5, 5.5, 0], "texture": "#2"},
				"down": {"uv": [9, 2.5, 5.5, 5], "texture": "#2"}
			}
		},
		{
			"from": [3, 2, 3],
			"to": [13, 9, 13],
			"rotation": {"angle": 0, "axis": "x", "origin": [8, 7, 8]},
			"faces": {
				"north": {"uv": [9, 1.75, 11.5, 3.5], "texture": "#2"},
				"east": {"uv": [9, 1.75, 11.5, 3.5], "texture": "#2"},
				"south": {"uv": [9, 1.75, 11.5, 3.5], "texture": "#2"},
				"west": {"uv": [9, 1.75, 11.5, 3.5], "texture": "#2"},
				"up": {"uv": [8, 7.5, 5.5, 5], "texture": "#2"},
				"down": {"uv": [2.5, 6, 0, 8.5], "texture": "#2"}
			}
		},
		{
			"from": [2, 9, 2],
			"to": [14, 11, 14],
			"rotation": {"angle": 0, "axis": "x", "origin": [8, 7, 8]},
			"faces": {
				"north": {"uv": [9.5, 8, 12.5, 8.5], "texture": "#2"},
				"east": {"uv": [9.5, 8, 12.5, 8.5], "texture": "#2"},
				"south": {"uv": [9.5, 8, 12.5, 8.5], "texture": "#2"},
				"west": {"uv": [9.5, 8, 12.5, 8.5], "texture": "#2"},
				"up": {"uv": [3, 3, 0, 0], "texture": "#2"},
				"down": {"uv": [3, 3, 0, 6], "texture": "#2"}
			}
		},
		{
			"from": [1, 8, 2],
			"to": [14, 12, 2],
			"rotation": {"angle": 0, "axis": "x", "origin": [8, 7, 8]},
			"faces": {
				"north": {"uv": [0, 10.5, 3.25, 11.5], "texture": "#2"},
				"east": {"uv": [0, 0, 0, 1], "texture": "#2"},
				"south": {"uv": [3.25, 10.5, 0, 11.5], "texture": "#2"},
				"west": {"uv": [0, 0, 0, 1], "texture": "#2"},
				"up": {"uv": [0, 0, 3.25, 0], "texture": "#2"},
				"down": {"uv": [0, 0, 3.25, 0], "texture": "#2"}
			}
		},
		{
			"from": [1, 0, 1],
			"to": [15, 7, 1],
			"rotation": {"angle": 0, "axis": "x", "origin": [8, 7, 8]},
			"faces": {
				"north": {"uv": [8, 6.25, 11.5, 8], "texture": "#2"},
				"east": {"uv": [0, 0, 0, 1.75], "texture": "#2"},
				"south": {"uv": [11.5, 6.25, 8, 8], "texture": "#2"},
				"west": {"uv": [0, 0, 0, 1.75], "texture": "#2"},
				"up": {"uv": [0, 0, 3.5, 0], "texture": "#2"},
				"down": {"uv": [0, 0, 3.5, 0], "texture": "#2"}
			}
		},
		{
			"from": [1, 0, 1],
			"to": [1, 7, 15],
			"rotation": {"angle": 0, "axis": "x", "origin": [8, 7, 8]},
			"faces": {
				"north": {"uv": [0, 0, 0, 1.75], "texture": "#2"},
				"east": {"uv": [3.5, 6, 0, 7.75], "texture": "#2"},
				"south": {"uv": [0, 0, 0, 1.75], "texture": "#2"},
				"west": {"uv": [0, 6, 3.5, 7.75], "texture": "#2"},
				"up": {"uv": [0, 0, 3.5, 0], "rotation": 90, "texture": "#2"},
				"down": {"uv": [0, 0, 3.5, 0], "rotation": 270, "texture": "#2"}
			}
		},
		{
			"from": [1, 0, 15],
			"to": [15, 7, 15],
			"rotation": {"angle": 0, "axis": "x", "origin": [8, 7, 8]},
			"faces": {
				"north": {"uv": [3.5, 5, 7, 6.75], "texture": "#2"},
				"east": {"uv": [0, 0, 0, 1.75], "texture": "#2"},
				"south": {"uv": [7, 5, 3.5, 6.75], "texture": "#2"},
				"west": {"uv": [0, 0, 0, 1.75], "texture": "#2"},
				"up": {"uv": [0, 0, 3.5, 0], "texture": "#2"},
				"down": {"uv": [0, 0, 3.5, 0], "texture": "#2"}
			}
		},
		{
			"from": [15, 0, 1],
			"to": [15, 7, 15],
			"rotation": {"angle": 0, "axis": "x", "origin": [8, 7, 8]},
			"faces": {
				"north": {"uv": [0, 0, 0, 1.75], "texture": "#2"},
				"east": {"uv": [8, 5, 11.5, 6.75], "texture": "#2"},
				"south": {"uv": [0, 0, 0, 1.75], "texture": "#2"},
				"west": {"uv": [11.5, 5, 8, 6.75], "texture": "#2"},
				"up": {"uv": [0, 0, 3.5, 0], "rotation": 270, "texture": "#2"},
				"down": {"uv": [0, 0, 3.5, 0], "rotation": 90, "texture": "#2"}
			}
		},
		{
			"from": [14, 8, 1],
			"to": [14, 12, 15],
			"rotation": {"angle": 0, "axis": "x", "origin": [8, 7, 8]},
			"faces": {
				"north": {"uv": [0, 0, 0, 1], "texture": "#2"},
				"east": {"uv": [9, 0, 12.5, 1], "texture": "#2"},
				"south": {"uv": [0, 0, 0, 1], "texture": "#2"},
				"west": {"uv": [12.5, 0, 9, 1], "texture": "#2"},
				"up": {"uv": [0, 0, 3.5, 0], "rotation": 270, "texture": "#2"},
				"down": {"uv": [0, 0, 3.5, 0], "rotation": 90, "texture": "#2"}
			}
		},
		{
			"from": [1, 11, 1],
			"to": [15, 11, 15],
			"rotation": {"angle": 0, "axis": "x", "origin": [8, 7, 8]},
			"faces": {
				"north": {"uv": [0, 0, 3.5, 0], "texture": "#2"},
				"east": {"uv": [0, 0, 0, 3.5], "rotation": 90, "texture": "#2"},
				"south": {"uv": [0, 0, 3.5, 0], "rotation": 180, "texture": "#2"},
				"west": {"uv": [0, 0, 0, 3.5], "rotation": 270, "texture": "#2"},
				"up": {"uv": [3.5, 9, 7, 12.5], "texture": "#2"},
				"down": {"uv": [7, 9, 3.5, 12.5], "rotation": 180, "texture": "#2"}
			}
		},
		{
			"from": [2, 8, 1],
			"to": [2, 12, 15],
			"rotation": {"angle": 0, "axis": "x", "origin": [8, 7, 8]},
			"faces": {
				"north": {"uv": [0, 0, 0, 1], "texture": "#2"},
				"east": {"uv": [12, 9, 8.5, 10], "texture": "#2"},
				"south": {"uv": [0, 0, 0, 1], "texture": "#2"},
				"west": {"uv": [8.5, 9, 12, 10], "texture": "#2"},
				"up": {"uv": [0, 0, 3.5, 0], "rotation": 270, "texture": "#2"},
				"down": {"uv": [0, 0, 3.5, 0], "rotation": 90, "texture": "#2"}
			}
		},
		{
			"from": [4, 0, 2],
			"to": [12, 4, 14],
			"rotation": {"angle": 0, "axis": "x", "origin": [8, 5.5, 8]},
			"faces": {
				"north": {"uv": [11.25, 0, 13.25, 1], "texture": "#1"},
				"east": {"uv": [10, 4, 13, 5], "texture": "#1"},
				"south": {"uv": [11.25, 1, 13.25, 2], "texture": "#1"},
				"west": {"uv": [10, 4, 13, 5], "texture": "#1"},
				"up": {"uv": [8.75, 2, 5.75, 0], "rotation": 90, "texture": "#1"},
				"down": {"uv": [8.75, 4, 5.75, 2], "rotation": 90, "texture": "#1"}
			}
		},
		{
			"from": [2, 0, 4],
			"to": [14, 4, 12],
			"rotation": {"angle": 0, "axis": "x", "origin": [8, 5.5, 8]},
			"faces": {
				"north": {"uv": [10, 4, 13, 5], "texture": "#1"},
				"east": {"uv": [11.25, 1, 13.25, 2], "texture": "#1"},
				"south": {"uv": [10, 4, 13, 5], "texture": "#1"},
				"west": {"uv": [11.25, 0, 13.25, 1], "texture": "#1"},
				"up": {"uv": [8.75, 2, 5.75, 0], "texture": "#1"},
				"down": {"uv": [8.75, 2, 5.75, 4], "texture": "#1"}
			}
		},
		{
			"from": [4, 2, 4],
			"to": [12, 7, 12],
			"rotation": {"angle": 0, "axis": "x", "origin": [8, 5.5, 8]},
			"faces": {
				"north": {"uv": [0, 11, 2, 12.25], "texture": "#1"},
				"east": {"uv": [0, 11, 2, 12.25], "texture": "#1"},
				"south": {"uv": [0, 11, 2, 12.25], "texture": "#1"},
				"west": {"uv": [0, 11, 2, 12.25], "texture": "#1"},
				"up": {"uv": [2, 10, 0, 8], "texture": "#1"},
				"down": {"uv": [4, 8, 2, 10], "texture": "#1"}
			}
		},
		{
			"from": [3, 7, 3],
			"to": [13, 9, 13],
			"rotation": {"angle": 0, "axis": "x", "origin": [8, 5.5, 8]},
			"faces": {
				"north": {"uv": [10, 8, 12.5, 8.5], "texture": "#1"},
				"east": {"uv": [10, 8, 12.5, 8.5], "texture": "#1"},
				"south": {"uv": [10, 8, 12.5, 8.5], "texture": "#1"},
				"west": {"uv": [4, 9.5, 6.5, 10], "texture": "#1"},
				"up": {"uv": [5.75, 2.5, 3.25, 0], "texture": "#1"},
				"down": {"uv": [5.75, 2.5, 3.25, 5], "texture": "#1"}
			}
		},
		{
			"from": [1, 6, 3],
			"to": [14, 10, 3],
			"rotation": {"angle": 0, "axis": "x", "origin": [8, 5.5, 8]},
			"faces": {
				"north": {"uv": [8.75, 3, 12, 4], "texture": "#1"},
				"east": {"uv": [0, 0, 0, 1], "texture": "#1"},
				"south": {"uv": [12, 3, 8.75, 4], "texture": "#1"},
				"west": {"uv": [0, 0, 0, 1], "texture": "#1"},
				"up": {"uv": [3.25, 0, 0, 0], "texture": "#1"},
				"down": {"uv": [3.25, 0, 0, 0], "texture": "#1"}
			}
		},
		{
			"from": [3, 0, 2],
			"to": [13, 6, 2],
			"rotation": {"angle": 0, "axis": "x", "origin": [8, 5.5, 8]},
			"faces": {
				"north": {"uv": [4, 8, 6.5, 9.5], "texture": "#1"},
				"east": {"uv": [0, 0, 0, 1.5], "texture": "#1"},
				"south": {"uv": [6.5, 8, 4, 9.5], "texture": "#1"},
				"west": {"uv": [0, 0, 0, 1.5], "texture": "#1"},
				"up": {"uv": [2.5, 0, 0, 0], "texture": "#1"},
				"down": {"uv": [2.5, 0, 0, 0], "texture": "#1"}
			}
		},
		{
			"from": [2, 0, 2],
			"to": [2, 6, 13],
			"rotation": {"angle": 0, "axis": "x", "origin": [8, 5.5, 8]},
			"faces": {
				"north": {"uv": [0, 0, 0, 1.5], "texture": "#1"},
				"east": {"uv": [10, 4, 7.25, 5.5], "texture": "#1"},
				"south": {"uv": [0, 0, 0, 1.5], "texture": "#1"},
				"west": {"uv": [7.25, 4, 10, 5.5], "texture": "#1"},
				"up": {"uv": [0, 2.75, 0, 0], "texture": "#1"},
				"down": {"uv": [0, 0, 0, 2.75], "texture": "#1"}
			}
		},
		{
			"from": [3, 0, 14],
			"to": [13, 6, 14],
			"rotation": {"angle": 0, "axis": "x", "origin": [8, 5.5, 8]},
			"faces": {
				"north": {"uv": [11.25, 1.5, 8.75, 3], "texture": "#1"},
				"east": {"uv": [0, 0, 0, 1.5], "texture": "#1"},
				"south": {"uv": [8.75, 1.5, 11.25, 3], "texture": "#1"},
				"west": {"uv": [0, 0, 0, 1.5], "texture": "#1"},
				"up": {"uv": [2.5, 0, 0, 0], "texture": "#1"},
				"down": {"uv": [2.5, 0, 0, 0], "texture": "#1"}
			}
		},
		{
			"from": [14, 0, 3],
			"to": [14, 6, 14],
			"rotation": {"angle": 0, "axis": "x", "origin": [8, 5.5, 8]},
			"faces": {
				"north": {"uv": [0, 0, 0, 1.5], "texture": "#1"},
				"east": {"uv": [7.25, 5.5, 10, 7], "texture": "#1"},
				"south": {"uv": [0, 0, 0, 1.5], "texture": "#1"},
				"west": {"uv": [10, 5.5, 7.25, 7], "texture": "#1"},
				"up": {"uv": [0, 2.75, 0, 0], "texture": "#1"},
				"down": {"uv": [0, 0, 0, 2.75], "texture": "#1"}
			}
		},
		{
			"from": [13, 6, 2],
			"to": [13, 10, 14],
			"rotation": {"angle": 0, "axis": "x", "origin": [8, 5.5, 8]},
			"faces": {
				"north": {"uv": [0, 0, 0, 1], "texture": "#1"},
				"east": {"uv": [10, 7, 13, 8], "texture": "#1"},
				"south": {"uv": [0, 0, 0, 1], "texture": "#1"},
				"west": {"uv": [13, 7, 10, 8], "texture": "#1"},
				"up": {"uv": [0, 3, 0, 0], "texture": "#1"},
				"down": {"uv": [0, 0, 0, 3], "texture": "#1"}
			}
		},
		{
			"from": [2, 9, 2],
			"to": [15, 9, 15],
			"rotation": {"angle": 0, "axis": "x", "origin": [8, 5.5, 8]},
			"faces": {
				"north": {"uv": [0, 0, 3.25, 0], "texture": "#1"},
				"east": {"uv": [0, 0, 3.25, 0], "texture": "#1"},
				"south": {"uv": [0, 0, 3.25, 0], "texture": "#1"},
				"west": {"uv": [0, 0, 3.25, 0], "texture": "#1"},
				"up": {"uv": [3.25, 3.25, 0, 0], "texture": "#1"},
				"down": {"uv": [0, 3.25, 3.25, 0], "rotation": 180, "texture": "#1"}
			}
		},
		{
			"from": [3, 6, 1],
			"to": [3, 10, 14],
			"rotation": {"angle": 0, "axis": "x", "origin": [8, 5.5, 8]},
			"faces": {
				"north": {"uv": [0, 0, 0, 1], "texture": "#1"},
				"east": {"uv": [3.25, 10, 0, 11], "texture": "#1"},
				"south": {"uv": [0, 0, 0, 1], "texture": "#1"},
				"west": {"uv": [0, 10, 3.25, 11], "texture": "#1"},
				"up": {"uv": [0, 3.25, 0, 0], "texture": "#1"},
				"down": {"uv": [0, 0, 0, 3.25], "texture": "#1"}
			}
		},
		{
			"from": [3, 0, 1],
			"to": [13, 2, 15],
			"faces": {
				"north": {"uv": [10, 5, 12.5, 5.5], "texture": "#0"},
				"east": {"uv": [8, 3, 11.5, 3.5], "texture": "#0"},
				"south": {"uv": [10, 5, 12.5, 5.5], "texture": "#0"},
				"west": {"uv": [8, 3, 11.5, 3.5], "texture": "#0"},
				"up": {"uv": [2.5, 3.5, 0, 0], "texture": "#0"},
				"down": {"uv": [5, 0, 2.5, 3.5], "texture": "#0"}
			}
		},
		{
			"from": [1, 0, 3],
			"to": [15, 2, 13],
			"faces": {
				"north": {"uv": [8, 3, 11.5, 3.5], "texture": "#0"},
				"east": {"uv": [10, 5, 12.5, 5.5], "texture": "#0"},
				"south": {"uv": [8, 3, 11.5, 3.5], "texture": "#0"},
				"west": {"uv": [10, 5, 12.5, 5.5], "texture": "#0"},
				"up": {"uv": [2.5, 3.5, 0, 0], "rotation": 90, "texture": "#0"},
				"down": {"uv": [5, 3.5, 2.5, 0], "rotation": 90, "texture": "#0"}
			}
		},
		{
			"from": [3, 2, 3],
			"to": [13, 4, 13],
			"rotation": {"angle": 0, "axis": "y", "origin": [3, 0, 11]},
			"faces": {
				"north": {"uv": [10.5, 0, 13, 0.5], "texture": "#0"},
				"east": {"uv": [10.5, 0, 13, 0.5], "texture": "#0"},
				"south": {"uv": [10.5, 0, 13, 0.5], "texture": "#0"},
				"west": {"uv": [10.5, 0, 13, 0.5], "texture": "#0"},
				"up": {"uv": [7.5, 2.5, 5, 0], "texture": "#0"},
				"down": {"uv": [2.5, 6, 0, 8.5], "texture": "#0"}
			}
		},
		{
			"from": [4, 3, 2],
			"to": [14, 5, 12],
			"rotation": {"angle": 0, "axis": "y", "origin": [12, 3, 2]},
			"faces": {
				"north": {"uv": [10.5, 0.5, 13, 1], "texture": "#0"},
				"east": {"uv": [10.5, 0.5, 13, 1], "texture": "#0"},
				"south": {"uv": [10.5, 0, 13, 0.5], "texture": "#0"},
				"west": {"uv": [10.5, 0, 13, 0.5], "texture": "#0"},
				"up": {"uv": [7.5, 2.5, 5, 0], "texture": "#0"},
				"down": {"uv": [7.5, 6, 5, 8.5], "texture": "#0"}
			}
		},
		{
			"from": [3, 2, 2],
			"to": [15, 6, 2],
			"rotation": {"angle": 0, "axis": "y", "origin": [3, 2, 2]},
			"faces": {
				"north": {"uv": [5, 2.5, 8, 3.5], "texture": "#0"},
				"east": {"uv": [0, 0, 0, 1], "texture": "#0"},
				"south": {"uv": [8, 2.5, 5, 3.5], "texture": "#0"},
				"west": {"uv": [0, 0, 0, 1], "texture": "#0"},
				"up": {"uv": [3, 0, 0, 0], "texture": "#0"},
				"down": {"uv": [3, 0, 0, 0], "texture": "#0"}
			}
		},
		{
			"from": [2, 0, 1],
			"to": [14, 4, 1],
			"rotation": {"angle": 0, "axis": "y", "origin": [2, 0, 1]},
			"faces": {
				"north": {"uv": [10, 4.5, 7, 5.5], "texture": "#0"},
				"east": {"uv": [0, 0, 0, 1], "texture": "#0"},
				"south": {"uv": [7, 4.5, 10, 5.5], "texture": "#0"},
				"west": {"uv": [0, 0, 0, 1], "texture": "#0"},
				"up": {"uv": [3, 0, 0, 0], "texture": "#0"},
				"down": {"uv": [3, 0, 0, 0], "texture": "#0"}
			}
		},
		{
			"from": [1, 0, 2],
			"to": [1, 4, 14],
			"rotation": {"angle": 0, "axis": "y", "origin": [1, 0, 2]},
			"faces": {
				"north": {"uv": [0, 0, 0, 1], "texture": "#0"},
				"east": {"uv": [10.5, 5.5, 7.5, 6.5], "texture": "#0"},
				"south": {"uv": [0, 0, 0, 1], "texture": "#0"},
				"west": {"uv": [7.5, 5.5, 10.5, 6.5], "texture": "#0"},
				"up": {"uv": [0, 3, 0, 0], "texture": "#0"},
				"down": {"uv": [0, 0, 0, 3], "texture": "#0"}
			}
		},
		{
			"from": [2, 0, 15],
			"to": [14, 4, 15],
			"rotation": {"angle": 0, "axis": "y", "origin": [2, 0, 15]},
			"faces": {
				"north": {"uv": [7.5, 7.5, 10.5, 8.5], "texture": "#0"},
				"east": {"uv": [0, 0, 0, 1], "texture": "#0"},
				"south": {"uv": [10.5, 7.5, 7.5, 8.5], "texture": "#0"},
				"west": {"uv": [0, 0, 0, 1], "texture": "#0"},
				"up": {"uv": [3, 0, 0, 0], "texture": "#0"},
				"down": {"uv": [3, 0, 0, 0], "texture": "#0"}
			}
		},
		{
			"from": [15, 0, 2],
			"to": [15, 4, 14],
			"rotation": {"angle": 0, "axis": "y", "origin": [15, 0, 14]},
			"faces": {
				"north": {"uv": [0, 0, 0, 1], "texture": "#0"},
				"east": {"uv": [11, 2, 8, 3], "texture": "#0"},
				"south": {"uv": [0, 0, 0, 1], "texture": "#0"},
				"west": {"uv": [8, 2, 11, 3], "texture": "#0"},
				"up": {"uv": [0, 3, 0, 0], "texture": "#0"},
				"down": {"uv": [0, 0, 0, 3], "texture": "#0"}
			}
		},
		{
			"from": [14, 2, 1],
			"to": [14, 6, 13],
			"rotation": {"angle": 0, "axis": "y", "origin": [14, 2, 13]},
			"faces": {
				"north": {"uv": [0, 0, 0, 1], "texture": "#0"},
				"east": {"uv": [3, 8.5, 6, 9.5], "texture": "#0"},
				"south": {"uv": [0, 0, 0, 1], "texture": "#0"},
				"west": {"uv": [6, 8.5, 3, 9.5], "texture": "#0"},
				"up": {"uv": [0, 3, 0, 0], "texture": "#0"},
				"down": {"uv": [0, 0, 0, 3], "texture": "#0"}
			}
		},
		{
			"from": [2, 2, 13],
			"to": [14, 5, 13],
			"rotation": {"angle": 0, "axis": "y", "origin": [14, 2, 13]},
			"faces": {
				"north": {"uv": [9, 9.5, 6, 10.25], "texture": "#0"},
				"east": {"uv": [0, 0, 0, 0.75], "texture": "#0"},
				"south": {"uv": [6, 9.5, 9, 10.25], "texture": "#0"},
				"west": {"uv": [0, 0, 0, 0.75], "texture": "#0"},
				"up": {"uv": [3, 0, 0, 0], "texture": "#0"},
				"down": {"uv": [3, 0, 0, 0], "texture": "#0"}
			}
		},
		{
			"from": [4, 2, 1],
			"to": [4, 6, 13],
			"rotation": {"angle": 0, "axis": "y", "origin": [4, 2, 13]},
			"faces": {
				"north": {"uv": [0, 0, 0, 1], "texture": "#0"},
				"east": {"uv": [3, 9.5, 0, 10.5], "texture": "#0"},
				"south": {"uv": [0, 0, 0, 1], "texture": "#0"},
				"west": {"uv": [0, 9.5, 3, 10.5], "texture": "#0"},
				"up": {"uv": [0, 3, 0, 0], "texture": "#0"},
				"down": {"uv": [0, 0, 0, 3], "texture": "#0"}
			}
		}
	],
	"groups": [
		{
			"name": "produce bag 3",
			"origin": [4, 2, 13],
			"color": 0,
			"children": [
				0,
				1,
				2,
				3,
				{
					"name": "group",
					"origin": [4, 2, 13],
					"color": 0,
					"children": [4, 5, 6, 7, 8, 9, 10, 11]
				}
			]
		},
		{
			"name": "produce bag 2",
			"origin": [4, 2, 13],
			"color": 0,
			"children": [
				12,
				13,
				14,
				15,
				{
					"name": "group",
					"origin": [4, 2, 13],
					"color": 0,
					"children": [16, 17, 18, 19, 20, 21, 22, 23]
				}
			]
		},
		{
			"name": "produce bag 1",
			"origin": [4, 2, 13],
			"color": 0,
			"children": [24, 25, 26, 27, 28, 29, 30, 31, 32, 33, 34, 35]
		}
	]
}