{
	"credit": "Made with Blockbench",
	"textures": {
		"1": "bones/bone3d",
		"2": "bones/rib3d",
		"particle": "bones/bone"
	},
	"elements": [
		{
			"from": [6, 0, 4],
			"to": [13, 1, 7],
			"rotation": {"angle": 45, "axis": "y", "origin": [13, 0, 4]},
			"faces": {
				"north": {"uv": [0, 6, 7, 7], "texture": "#1"},
				"east": {"uv": [2, 8, 5, 9], "texture": "#1"},
				"south": {"uv": [0, 7, 7, 8], "texture": "#1"},
				"west": {"uv": [5, 8, 8, 9], "texture": "#1"},
				"up": {"uv": [7, 3, 0, 0], "texture": "#1"},
				"down": {"uv": [7, 3, 0, 6], "texture": "#1"}
			}
		},
		{
			"from": [4, 0, 4],
			"to": [6, 1, 6],
			"rotation": {"angle": 45, "axis": "y", "origin": [13, 0, 4]},
			"faces": {
				"north": {"uv": [9, 1, 11, 2], "texture": "#1"},
				"east": {"uv": [2, 9, 4, 10], "texture": "#1"},
				"south": {"uv": [9, 2, 11, 3], "texture": "#1"},
				"west": {"uv": [9, 3, 11, 4], "texture": "#1"},
				"up": {"uv": [9, 8, 7, 6], "texture": "#1"},
				"down": {"uv": [2, 8, 0, 10], "texture": "#1"}
			}
		},
		{
			"from": [2, 0, 4],
			"to": [4, 1, 7],
			"rotation": {"angle": 45, "axis": "y", "origin": [13, 0, 4]},
			"faces": {
				"north": {"uv": [4, 9, 6, 10], "texture": "#1"},
				"east": {"uv": [8, 8, 11, 9], "texture": "#1"},
				"south": {"uv": [9, 4, 11, 5], "texture": "#1"},
				"west": {"uv": [9, 0, 12, 1], "texture": "#1"},
				"up": {"uv": [9, 3, 7, 0], "texture": "#1"},
				"down": {"uv": [9, 3, 7, 6], "texture": "#1"}
			}
		},
		{
			"from": [1, 0, 4],
			"to": [2, 1, 6],
			"rotation": {"angle": 45, "axis": "y", "origin": [13, 0, 4]},
			"faces": {
				"north": {"uv": [6, 10, 7, 11], "texture": "#1"},
				"east": {"uv": [9, 5, 11, 6], "texture": "#1"},
				"south": {"uv": [10, 6, 11, 7], "texture": "#1"},
				"west": {"uv": [6, 9, 8, 10], "texture": "#1"},
				"up": {"uv": [10, 8, 9, 6], "texture": "#1"},
				"down": {"uv": [9, 9, 8, 11], "texture": "#1"}
			}
		},
		{
			"from": [1, 0, 3],
			"to": [3, 1, 4],
			"rotation": {"angle": 45, "axis": "y", "origin": [13, 0, 4]},
			"faces": {
				"north": {"uv": [9, 9, 11, 10], "texture": "#1"},
				"east": {"uv": [7, 10, 8, 11], "texture": "#1"},
				"south": {"uv": [0, 10, 2, 11], "texture": "#1"},
				"west": {"uv": [10, 7, 11, 8], "texture": "#1"},
				"up": {"uv": [4, 11, 2, 10], "texture": "#1"},
				"down": {"uv": [6, 10, 4, 11], "texture": "#1"}
			}
		},
		{
			"from": [7, -1, 3],
			"to": [10, 0, 10],
			"rotation": {"angle": -22.5, "axis": "x", "origin": [7, -1, 3]},
			"faces": {
				"north": {"uv": [2, 8, 5, 9], "texture": "#1"},
				"east": {"uv": [0, 7, 7, 8], "texture": "#1"},
				"south": {"uv": [5, 8, 8, 9], "texture": "#1"},
				"west": {"uv": [0, 6, 7, 7], "texture": "#1"},
				"up": {"uv": [7, 3, 0, 0], "rotation": 270, "texture": "#1"},
				"down": {"uv": [7, 3, 0, 6], "rotation": 90, "texture": "#1"}
			}
		},
		{
			"from": [7, -1, 10],
			"to": [9, 0, 12],
			"rotation": {"angle": -22.5, "axis": "x", "origin": [7, -1, 3]},
			"faces": {
				"north": {"uv": [2, 9, 4, 10], "texture": "#1"},
				"east": {"uv": [9, 2, 11, 3], "texture": "#1"},
				"south": {"uv": [9, 3, 11, 4], "texture": "#1"},
				"west": {"uv": [9, 1, 11, 2], "texture": "#1"},
				"up": {"uv": [9, 8, 7, 6], "rotation": 270, "texture": "#1"},
				"down": {"uv": [2, 8, 0, 10], "rotation": 90, "texture": "#1"}
			}
		},
		{
			"from": [7, -1, 12],
			"to": [10, 0, 14],
			"rotation": {"angle": -22.5, "axis": "x", "origin": [7, -1, 3]},
			"faces": {
				"north": {"uv": [8, 8, 11, 9], "texture": "#1"},
				"east": {"uv": [9, 4, 11, 5], "texture": "#1"},
				"south": {"uv": [9, 0, 12, 1], "texture": "#1"},
				"west": {"uv": [4, 9, 6, 10], "texture": "#1"},
				"up": {"uv": [9, 3, 7, 0], "rotation": 270, "texture": "#1"},
				"down": {"uv": [9, 3, 7, 6], "rotation": 90, "texture": "#1"}
			}
		},
		{
			"from": [7, -1, 14],
			"to": [9, 0, 15],
			"rotation": {"angle": -22.5, "axis": "x", "origin": [7, -1, 3]},
			"faces": {
				"north": {"uv": [9, 5, 11, 6], "texture": "#1"},
				"east": {"uv": [10, 6, 11, 7], "texture": "#1"},
				"south": {"uv": [6, 9, 8, 10], "texture": "#1"},
				"west": {"uv": [6, 10, 7, 11], "texture": "#1"},
				"up": {"uv": [10, 8, 9, 6], "rotation": 270, "texture": "#1"},
				"down": {"uv": [9, 9, 8, 11], "rotation": 90, "texture": "#1"}
			}
		},
		{
			"from": [6, -1, 13],
			"to": [7, 0, 15],
			"rotation": {"angle": -22.5, "axis": "x", "origin": [7, -1, 3]},
			"faces": {
				"north": {"uv": [7, 10, 8, 11], "texture": "#1"},
				"east": {"uv": [0, 10, 2, 11], "texture": "#1"},
				"south": {"uv": [10, 7, 11, 8], "texture": "#1"},
				"west": {"uv": [9, 9, 11, 10], "texture": "#1"},
				"up": {"uv": [4, 11, 2, 10], "rotation": 270, "texture": "#1"},
				"down": {"uv": [6, 10, 4, 11], "rotation": 90, "texture": "#1"}
			}
		},
		{
			"from": [1, 0, 7],
			"to": [8, 1, 10],
			"rotation": {"angle": 22.5, "axis": "z", "origin": [1, 0, 10]},
			"faces": {
				"north": {"uv": [0, 7, 7, 8], "texture": "#1"},
				"east": {"uv": [5, 8, 8, 9], "texture": "#1"},
				"south": {"uv": [0, 6, 7, 7], "texture": "#1"},
				"west": {"uv": [2, 8, 5, 9], "texture": "#1"},
				"up": {"uv": [7, 3, 0, 0], "rotation": 180, "texture": "#1"},
				"down": {"uv": [7, 3, 0, 6], "rotation": 180, "texture": "#1"}
			}
		},
		{
			"from": [8, 0, 8],
			"to": [10, 1, 10],
			"rotation": {"angle": 22.5, "axis": "z", "origin": [1, 0, 10]},
			"faces": {
				"north": {"uv": [9, 2, 11, 3], "texture": "#1"},
				"east": {"uv": [9, 3, 11, 4], "texture": "#1"},
				"south": {"uv": [9, 1, 11, 2], "texture": "#1"},
				"west": {"uv": [2, 9, 4, 10], "texture": "#1"},
				"up": {"uv": [9, 8, 7, 6], "rotation": 180, "texture": "#1"},
				"down": {"uv": [2, 8, 0, 10], "rotation": 180, "texture": "#1"}
			}
		},
		{
			"from": [10, 0, 7],
			"to": [12, 1, 10],
			"rotation": {"angle": 22.5, "axis": "z", "origin": [1, 0, 10]},
			"faces": {
				"north": {"uv": [9, 4, 11, 5], "texture": "#1"},
				"east": {"uv": [9, 0, 12, 1], "texture": "#1"},
				"south": {"uv": [4, 9, 6, 10], "texture": "#1"},
				"west": {"uv": [8, 8, 11, 9], "texture": "#1"},
				"up": {"uv": [9, 3, 7, 0], "rotation": 180, "texture": "#1"},
				"down": {"uv": [9, 3, 7, 6], "rotation": 180, "texture": "#1"}
			}
		},
		{
			"from": [12, 0, 8],
			"to": [13, 1, 10],
			"rotation": {"angle": 22.5, "axis": "z", "origin": [1, 0, 10]},
			"faces": {
				"north": {"uv": [10, 6, 11, 7], "texture": "#1"},
				"east": {"uv": [6, 9, 8, 10], "texture": "#1"},
				"south": {"uv": [6, 10, 7, 11], "texture": "#1"},
				"west": {"uv": [9, 5, 11, 6], "texture": "#1"},
				"up": {"uv": [10, 8, 9, 6], "rotation": 180, "texture": "#1"},
				"down": {"uv": [9, 9, 8, 11], "rotation": 180, "texture": "#1"}
			}
		},
		{
			"from": [11, 0, 10],
			"to": [13, 1, 11],
			"rotation": {"angle": 22.5, "axis": "z", "origin": [1, 0, 10]},
			"faces": {
				"north": {"uv": [0, 10, 2, 11], "texture": "#1"},
				"east": {"uv": [10, 7, 11, 8], "texture": "#1"},
				"south": {"uv": [9, 9, 11, 10], "texture": "#1"},
				"west": {"uv": [7, 10, 8, 11], "texture": "#1"},
				"up": {"uv": [4, 11, 2, 10], "rotation": 180, "texture": "#1"},
				"down": {"uv": [6, 10, 4, 11], "rotation": 180, "texture": "#1"}
			}
		},
		{
			"from": [3, 0, 5],
			"to": [6, 1, 6],
			"rotation": {"angle": -22.5, "axis": "y", "origin": [2, 0, 6]},
			"faces": {
				"north": {"uv": [11, 9, 8, 8], "rotation": 180, "texture": "#2"},
				"east": {"uv": [8, 9, 9, 11], "rotation": 90, "texture": "#2"},
				"south": {"uv": [12, 0, 9, 1], "texture": "#2"},
				"west": {"uv": [9, 9, 10, 11], "rotation": 270, "texture": "#2"},
				"up": {"uv": [4, 0, 7, 2], "texture": "#2"},
				"down": {"uv": [0, 4, 3, 6], "rotation": 180, "texture": "#2"}
			}
		},
		{
			"from": [2, 1, 5],
			"to": [5, 2, 6],
			"rotation": {"angle": -22.5, "axis": "y", "origin": [2, 0, 6]},
			"faces": {
				"north": {"uv": [12, 2, 9, 1], "rotation": 180, "texture": "#2"},
				"east": {"uv": [0, 10, 1, 12], "rotation": 90, "texture": "#2"},
				"south": {"uv": [12, 2, 9, 3], "texture": "#2"},
				"west": {"uv": [1, 10, 2, 12], "rotation": 270, "texture": "#2"},
				"up": {"uv": [3, 4, 6, 6], "texture": "#2"},
				"down": {"uv": [4, 2, 7, 4], "rotation": 180, "texture": "#2"}
			}
		},
		{
			"from": [2, 2, 5],
			"to": [4, 4, 6],
			"rotation": {"angle": -22.5, "axis": "y", "origin": [2, 0, 6]},
			"faces": {
				"north": {"uv": [8, 8, 6, 6], "rotation": 180, "texture": "#2"},
				"east": {"uv": [2, 6, 4, 8], "rotation": 90, "texture": "#2"},
				"south": {"uv": [9, 0, 7, 2], "texture": "#2"},
				"west": {"uv": [6, 4, 8, 6], "rotation": 270, "texture": "#2"},
				"up": {"uv": [4, 6, 6, 8], "texture": "#2"},
				"down": {"uv": [0, 6, 2, 8], "rotation": 180, "texture": "#2"}
			}
		},
		{
			"from": [3, 4, 5],
			"to": [5, 6, 6],
			"rotation": {"angle": -22.5, "axis": "y", "origin": [2, 0, 6]},
			"faces": {
				"north": {"uv": [10, 6, 8, 4], "rotation": 180, "texture": "#2"},
				"east": {"uv": [0, 8, 2, 10], "rotation": 90, "texture": "#2"},
				"south": {"uv": [8, 8, 6, 10], "texture": "#2"},
				"west": {"uv": [4, 8, 6, 10], "rotation": 270, "texture": "#2"},
				"up": {"uv": [2, 8, 4, 10], "texture": "#2"},
				"down": {"uv": [7, 2, 9, 4], "rotation": 180, "texture": "#2"}
			}
		},
		{
			"from": [5, 5, 5],
			"to": [6, 6, 6],
			"rotation": {"angle": -22.5, "axis": "y", "origin": [2, 0, 6]},
			"faces": {
				"north": {"uv": [10, 4, 9, 3], "rotation": 180, "texture": "#2"},
				"east": {"uv": [3, 10, 4, 12], "rotation": 90, "texture": "#2"},
				"south": {"uv": [11, 5, 10, 6], "texture": "#2"},
				"west": {"uv": [4, 10, 5, 12], "rotation": 270, "texture": "#2"},
				"up": {"uv": [10, 3, 11, 5], "texture": "#2"},
				"down": {"uv": [2, 10, 3, 12], "rotation": 180, "texture": "#2"}
			}
		},
		{
			"from": [4, 6, 5],
			"to": [8, 7, 6],
			"rotation": {"angle": -22.5, "axis": "y", "origin": [2, 0, 6]},
			"faces": {
				"north": {"uv": [12, 7, 8, 6], "rotation": 180, "texture": "#2"},
				"east": {"uv": [5, 10, 6, 12], "rotation": 90, "texture": "#2"},
				"south": {"uv": [12, 7, 8, 8], "texture": "#2"},
				"west": {"uv": [6, 10, 7, 12], "rotation": 270, "texture": "#2"},
				"up": {"uv": [0, 2, 4, 4], "texture": "#2"},
				"down": {"uv": [0, 0, 4, 2], "rotation": 180, "texture": "#2"}
			}
		},
		{
			"from": [11, 0, 11],
			"to": [14, 1, 12],
			"rotation": {"angle": -45, "axis": "y", "origin": [15, 0, 11]},
			"faces": {
				"north": {"uv": [12, 0, 9, 1], "texture": "#2"},
				"east": {"uv": [9, 9, 10, 11], "rotation": 270, "texture": "#2"},
				"south": {"uv": [11, 9, 8, 8], "rotation": 180, "texture": "#2"},
				"west": {"uv": [8, 9, 9, 11], "rotation": 90, "texture": "#2"},
				"up": {"uv": [4, 0, 7, 2], "rotation": 180, "texture": "#2"},
				"down": {"uv": [0, 4, 3, 6], "texture": "#2"}
			}
		},
		{
			"from": [12, 1, 11],
			"to": [15, 2, 12],
			"rotation": {"angle": -45, "axis": "y", "origin": [15, 0, 11]},
			"faces": {
				"north": {"uv": [12, 2, 9, 3], "texture": "#2"},
				"east": {"uv": [1, 10, 2, 12], "rotation": 270, "texture": "#2"},
				"south": {"uv": [12, 2, 9, 1], "rotation": 180, "texture": "#2"},
				"west": {"uv": [0, 10, 1, 12], "rotation": 90, "texture": "#2"},
				"up": {"uv": [3, 4, 6, 6], "rotation": 180, "texture": "#2"},
				"down": {"uv": [4, 2, 7, 4], "texture": "#2"}
			}
		},
		{
			"from": [13, 2, 11],
			"to": [15, 4, 12],
			"rotation": {"angle": -45, "axis": "y", "origin": [15, 0, 11]},
			"faces": {
				"north": {"uv": [9, 0, 7, 2], "texture": "#2"},
				"east": {"uv": [6, 4, 8, 6], "rotation": 270, "texture": "#2"},
				"south": {"uv": [8, 8, 6, 6], "rotation": 180, "texture": "#2"},
				"west": {"uv": [2, 6, 4, 8], "rotation": 90, "texture": "#2"},
				"up": {"uv": [4, 6, 6, 8], "rotation": 180, "texture": "#2"},
				"down": {"uv": [0, 6, 2, 8], "texture": "#2"}
			}
		},
		{
			"from": [12, 4, 11],
			"to": [14, 6, 12],
			"rotation": {"angle": -45, "axis": "y", "origin": [15, 0, 11]},
			"faces": {
				"north": {"uv": [8, 8, 6, 10], "texture": "#2"},
				"east": {"uv": [4, 8, 6, 10], "rotation": 270, "texture": "#2"},
				"south": {"uv": [10, 6, 8, 4], "rotation": 180, "texture": "#2"},
				"west": {"uv": [0, 8, 2, 10], "rotation": 90, "texture": "#2"},
				"up": {"uv": [2, 8, 4, 10], "rotation": 180, "texture": "#2"},
				"down": {"uv": [7, 2, 9, 4], "texture": "#2"}
			}
		},
		{
			"from": [11, 5, 11],
			"to": [12, 6, 12],
			"rotation": {"angle": -45, "axis": "y", "origin": [15, 0, 11]},
			"faces": {
				"north": {"uv": [11, 5, 10, 6], "texture": "#2"},
				"east": {"uv": [4, 10, 5, 12], "rotation": 270, "texture": "#2"},
				"south": {"uv": [10, 4, 9, 3], "rotation": 180, "texture": "#2"},
				"west": {"uv": [3, 10, 4, 12], "rotation": 90, "texture": "#2"},
				"up": {"uv": [10, 3, 11, 5], "rotation": 180, "texture": "#2"},
				"down": {"uv": [2, 10, 3, 12], "texture": "#2"}
			}
		},
		{
			"from": [9, 6, 11],
			"to": [13, 7, 12],
			"rotation": {"angle": -45, "axis": "y", "origin": [15, 0, 11]},
			"faces": {
				"north": {"uv": [12, 7, 8, 8], "texture": "#2"},
				"east": {"uv": [6, 10, 7, 12], "rotation": 270, "texture": "#2"},
				"south": {"uv": [12, 7, 8, 6], "rotation": 180, "texture": "#2"},
				"west": {"uv": [5, 10, 6, 12], "rotation": 90, "texture": "#2"},
				"up": {"uv": [0, 2, 4, 4], "rotation": 180, "texture": "#2"},
				"down": {"uv": [0, 0, 4, 2], "texture": "#2"}
			}
		}
	],
	"groups": [
		{
			"name": "bone",
			"origin": [3, 0, 5],
			"color": 0,
			"children": [0, 1, 2, 3, 4]
		},
		{
			"name": "bone",
			"origin": [3, 0, 5],
			"color": 0,
			"children": [5, 6, 7, 8, 9]
		},
		{
			"name": "bone",
			"origin": [3, 0, 5],
			"color": 0,
			"children": [10, 11, 12, 13, 14]
		},
		{
			"name": "rib",
			"origin": [10, -1, 2],
			"color": 0,
			"children": [15, 16, 17, 18, 19, 20]
		},
		{
			"name": "rib",
			"origin": [10, -1, 2],
			"color": 0,
			"children": [21, 22, 23, 24, 25, 26]
		}
	]
}