{
	"credit": "Made with Blockbench",
	"texture_size": [32, 32],
	"textures": {
		"0": "produce/apple",
		"particle": "produce/apple"
	},
	"elements": [
		{
			"from": [11.75736, 5, 15.58579],
			"to": [13.75736, 7, 15.58579],
			"rotation": {"angle": -45, "axis": "y", "origin": [16, 5, 16]},
			"faces": {
				"north": {"uv": [3, 5, 4, 6], "texture": "#0"},
				"east": {"uv": [0, 0, 0, 1], "texture": "#0"},
				"south": {"uv": [3, 5, 4, 6], "rotation": 90, "texture": "#0"},
				"west": {"uv": [0, 0, 0, 1], "texture": "#0"},
				"up": {"uv": [1, 0, 0, 0], "texture": "#0"},
				"down": {"uv": [1, 0, 0, 0], "texture": "#0"}
			}
		},
		{
			"from": [12, 0, 12],
			"to": [15, 4, 15],
			"rotation": {"angle": 0, "axis": "y", "origin": [16, 5, 16]},
			"faces": {
				"north": {"uv": [0, 4.5, 1.5, 6.5], "texture": "#0"},
				"east": {"uv": [0, 4.5, 1.5, 6.5], "texture": "#0"},
				"south": {"uv": [0, 4.5, 1.5, 6.5], "texture": "#0"},
				"west": {"uv": [0, 4.5, 1.5, 6.5], "texture": "#0"},
				"up": {"uv": [1.5, 8, 0, 6.5], "rotation": 90, "texture": "#0"},
				"down": {"uv": [8, 0, 6.5, 1.5], "rotation": 270, "texture": "#0"}
			}
		},
		{
			"from": [11, 1, 12],
			"to": [16, 4, 15],
			"rotation": {"angle": 0, "axis": "y", "origin": [16, 5, 16]},
			"faces": {
				"north": {"uv": [0, 0, 2.5, 1.5], "texture": "#0"},
				"east": {"uv": [6.5, 1.5, 8, 3], "texture": "#0"},
				"south": {"uv": [0, 0, 2.5, 1.5], "texture": "#0"},
				"west": {"uv": [6.5, 1.5, 8, 3], "texture": "#0"},
				"up": {"uv": [4, 2.5, 2.5, 0], "rotation": 90, "texture": "#0"},
				"down": {"uv": [4, 2.5, 2.5, 5], "rotation": 270, "texture": "#0"}
			}
		},
		{
			"from": [12, 1, 11],
			"to": [15, 4, 16],
			"rotation": {"angle": 0, "axis": "y", "origin": [16, 5, 16]},
			"faces": {
				"north": {"uv": [6.5, 1.5, 8, 3], "texture": "#0"},
				"east": {"uv": [0, 0, 2.5, 1.5], "texture": "#0"},
				"south": {"uv": [6.5, 1.5, 8, 3], "texture": "#0"},
				"west": {"uv": [0, 0, 2.5, 1.5], "texture": "#0"},
				"up": {"uv": [6.5, 3, 4, 1.5], "rotation": 90, "texture": "#0"},
				"down": {"uv": [6.5, 3, 4, 4.5], "rotation": 270, "texture": "#0"}
			}
		},
		{
			"from": [12, 4, 13],
			"to": [14, 5, 15],
			"rotation": {"angle": 0, "axis": "y", "origin": [16, 5, 16]},
			"faces": {
				"north": {"uv": [0, 8, 1, 8.5], "texture": "#0"},
				"east": {"uv": [1.5, 4.5, 2.5, 5], "texture": "#0"},
				"south": {"uv": [0, 8, 1, 8.5], "texture": "#0"},
				"west": {"uv": [6, 7.5, 7, 8], "texture": "#0"},
				"up": {"uv": [2.5, 8, 1.5, 7], "rotation": 90, "texture": "#0"},
				"down": {"uv": [8, 4.5, 7, 5.5], "rotation": 270, "texture": "#0"}
			}
		},
		{
			"from": [13, 4, 12],
			"to": [15, 5, 14],
			"rotation": {"angle": 0, "axis": "y", "origin": [16, 5, 16]},
			"faces": {
				"north": {"uv": [0, 8, 1, 8.5], "texture": "#0"},
				"east": {"uv": [0, 8, 1, 8.5], "texture": "#0"},
				"south": {"uv": [0, 8, 1, 8.5], "texture": "#0"},
				"west": {"uv": [0, 8, 1, 8.5], "texture": "#0"},
				"up": {"uv": [8, 6.5, 7, 5.5], "rotation": 90, "texture": "#0"},
				"down": {"uv": [8, 6.5, 7, 7.5], "rotation": 270, "texture": "#0"}
			}
		},
		{
			"from": [4.27208, 5, 22.48528],
			"to": [4.27208, 7, 24.48528],
			"rotation": {"angle": -45, "axis": "y", "origin": [16, 5, 16]},
			"faces": {
				"north": {"uv": [0, 0, 0, 1], "texture": "#0"},
				"east": {"uv": [3, 5, 4, 6], "rotation": 90, "texture": "#0"},
				"south": {"uv": [0, 0, 0, 1], "texture": "#0"},
				"west": {"uv": [3, 5, 4, 6], "texture": "#0"},
				"up": {"uv": [1, 0, 0, 0], "rotation": 270, "texture": "#0"},
				"down": {"uv": [1, 0, 0, 0], "rotation": 90, "texture": "#0"}
			}
		},
		{
			"from": [1, 0, 12],
			"to": [4, 4, 15],
			"rotation": {"angle": 0, "axis": "y", "origin": [16, 5, 16]},
			"faces": {
				"north": {"uv": [0, 4.5, 1.5, 6.5], "texture": "#0"},
				"east": {"uv": [0, 4.5, 1.5, 6.5], "texture": "#0"},
				"south": {"uv": [0, 4.5, 1.5, 6.5], "texture": "#0"},
				"west": {"uv": [0, 4.5, 1.5, 6.5], "texture": "#0"},
				"up": {"uv": [1.5, 8, 0, 6.5], "texture": "#0"},
				"down": {"uv": [8, 0, 6.5, 1.5], "texture": "#0"}
			}
		},
		{
			"from": [1, 1, 11],
			"to": [4, 4, 16],
			"rotation": {"angle": 0, "axis": "y", "origin": [16, 5, 16]},
			"faces": {
				"north": {"uv": [6.5, 1.5, 8, 3], "texture": "#0"},
				"east": {"uv": [0, 0, 2.5, 1.5], "texture": "#0"},
				"south": {"uv": [6.5, 1.5, 8, 3], "texture": "#0"},
				"west": {"uv": [0, 0, 2.5, 1.5], "texture": "#0"},
				"up": {"uv": [4, 2.5, 2.5, 0], "texture": "#0"},
				"down": {"uv": [4, 2.5, 2.5, 5], "texture": "#0"}
			}
		},
		{
			"from": [0, 1, 12],
			"to": [5, 4, 15],
			"rotation": {"angle": 0, "axis": "y", "origin": [16, 5, 16]},
			"faces": {
				"north": {"uv": [0, 0, 2.5, 1.5], "texture": "#0"},
				"east": {"uv": [6.5, 1.5, 8, 3], "texture": "#0"},
				"south": {"uv": [0, 0, 2.5, 1.5], "texture": "#0"},
				"west": {"uv": [6.5, 1.5, 8, 3], "texture": "#0"},
				"up": {"uv": [6.5, 3, 4, 1.5], "texture": "#0"},
				"down": {"uv": [6.5, 3, 4, 4.5], "texture": "#0"}
			}
		},
		{
			"from": [2, 4, 13],
			"to": [4, 5, 15],
			"rotation": {"angle": 0, "axis": "y", "origin": [16, 5, 16]},
			"faces": {
				"north": {"uv": [1.5, 4.5, 2.5, 5], "texture": "#0"},
				"east": {"uv": [0, 8, 1, 8.5], "texture": "#0"},
				"south": {"uv": [6, 7.5, 7, 8], "texture": "#0"},
				"west": {"uv": [0, 8, 1, 8.5], "texture": "#0"},
				"up": {"uv": [2.5, 8, 1.5, 7], "texture": "#0"},
				"down": {"uv": [8, 4.5, 7, 5.5], "texture": "#0"}
			}
		},
		{
			"from": [1, 4, 12],
			"to": [3, 5, 14],
			"rotation": {"angle": 0, "axis": "y", "origin": [16, 5, 16]},
			"faces": {
				"north": {"uv": [0, 8, 1, 8.5], "texture": "#0"},
				"east": {"uv": [0, 8, 1, 8.5], "texture": "#0"},
				"south": {"uv": [0, 8, 1, 8.5], "texture": "#0"},
				"west": {"uv": [0, 8, 1, 8.5], "texture": "#0"},
				"up": {"uv": [8, 6.5, 7, 5.5], "texture": "#0"},
				"down": {"uv": [8, 6.5, 7, 7.5], "texture": "#0"}
			}
		},
		{
			"from": [8.98959, 5, 19.18198],
			"to": [8.98959, 7, 21.18198],
			"rotation": {"angle": -45, "axis": "y", "origin": [16, 5, 16]},
			"faces": {
				"north": {"uv": [0, 0, 0, 1], "texture": "#0"},
				"east": {"uv": [3, 5, 4, 6], "texture": "#0"},
				"south": {"uv": [0, 0, 0, 1], "texture": "#0"},
				"west": {"uv": [3, 5, 4, 6], "rotation": 90, "texture": "#0"},
				"up": {"uv": [1, 0, 0, 0], "rotation": 90, "texture": "#0"},
				"down": {"uv": [1, 0, 0, 0], "rotation": 270, "texture": "#0"}
			}
		},
		{
			"from": [6.5, 0, 12],
			"to": [9.5, 4, 15],
			"rotation": {"angle": 0, "axis": "y", "origin": [16, 5, 16]},
			"faces": {
				"north": {"uv": [0, 4.5, 1.5, 6.5], "texture": "#0"},
				"east": {"uv": [0, 4.5, 1.5, 6.5], "texture": "#0"},
				"south": {"uv": [0, 4.5, 1.5, 6.5], "texture": "#0"},
				"west": {"uv": [0, 4.5, 1.5, 6.5], "texture": "#0"},
				"up": {"uv": [1.5, 8, 0, 6.5], "rotation": 180, "texture": "#0"},
				"down": {"uv": [8, 0, 6.5, 1.5], "rotation": 180, "texture": "#0"}
			}
		},
		{
			"from": [6.5, 1, 11],
			"to": [9.5, 4, 16],
			"rotation": {"angle": 0, "axis": "y", "origin": [16, 5, 16]},
			"faces": {
				"north": {"uv": [6.5, 1.5, 8, 3], "texture": "#0"},
				"east": {"uv": [0, 0, 2.5, 1.5], "texture": "#0"},
				"south": {"uv": [6.5, 1.5, 8, 3], "texture": "#0"},
				"west": {"uv": [0, 0, 2.5, 1.5], "texture": "#0"},
				"up": {"uv": [4, 2.5, 2.5, 0], "rotation": 180, "texture": "#0"},
				"down": {"uv": [4, 2.5, 2.5, 5], "rotation": 180, "texture": "#0"}
			}
		},
		{
			"from": [5.5, 1, 12],
			"to": [10.5, 4, 15],
			"rotation": {"angle": 0, "axis": "y", "origin": [16, 5, 16]},
			"faces": {
				"north": {"uv": [0, 0, 2.5, 1.5], "texture": "#0"},
				"east": {"uv": [6.5, 1.5, 8, 3], "texture": "#0"},
				"south": {"uv": [0, 0, 2.5, 1.5], "texture": "#0"},
				"west": {"uv": [6.5, 1.5, 8, 3], "texture": "#0"},
				"up": {"uv": [6.5, 3, 4, 1.5], "rotation": 180, "texture": "#0"},
				"down": {"uv": [6.5, 3, 4, 4.5], "rotation": 180, "texture": "#0"}
			}
		},
		{
			"from": [6.5, 4, 12],
			"to": [8.5, 5, 14],
			"rotation": {"angle": 0, "axis": "y", "origin": [16, 5, 16]},
			"faces": {
				"north": {"uv": [6, 7.5, 7, 8], "texture": "#0"},
				"east": {"uv": [0, 8, 1, 8.5], "texture": "#0"},
				"south": {"uv": [1.5, 4.5, 2.5, 5], "texture": "#0"},
				"west": {"uv": [0, 8, 1, 8.5], "texture": "#0"},
				"up": {"uv": [2.5, 8, 1.5, 7], "rotation": 180, "texture": "#0"},
				"down": {"uv": [8, 4.5, 7, 5.5], "rotation": 180, "texture": "#0"}
			}
		},
		{
			"from": [7.5, 4, 13],
			"to": [9.5, 5, 15],
			"rotation": {"angle": 0, "axis": "y", "origin": [16, 5, 16]},
			"faces": {
				"north": {"uv": [0, 8, 1, 8.5], "texture": "#0"},
				"east": {"uv": [0, 8, 1, 8.5], "texture": "#0"},
				"south": {"uv": [0, 8, 1, 8.5], "texture": "#0"},
				"west": {"uv": [0, 8, 1, 8.5], "texture": "#0"},
				"up": {"uv": [8, 6.5, 7, 5.5], "rotation": 180, "texture": "#0"},
				"down": {"uv": [8, 6.5, 7, 7.5], "rotation": 180, "texture": "#0"}
			}
		},
		{
			"from": [3.97918, 5, 15.58579],
			"to": [5.97918, 7, 15.58579],
			"rotation": {"angle": -45, "axis": "y", "origin": [16, 5, 16]},
			"faces": {
				"north": {"uv": [3, 5, 4, 6], "texture": "#0"},
				"east": {"uv": [0, 0, 0, 1], "texture": "#0"},
				"south": {"uv": [3, 5, 4, 6], "rotation": 90, "texture": "#0"},
				"west": {"uv": [0, 0, 0, 1], "texture": "#0"},
				"up": {"uv": [1, 0, 0, 0], "texture": "#0"},
				"down": {"uv": [1, 0, 0, 0], "texture": "#0"}
			}
		},
		{
			"from": [6.5, 0, 6.5],
			"to": [9.5, 4, 9.5],
			"rotation": {"angle": 0, "axis": "y", "origin": [16, 5, 16]},
			"faces": {
				"north": {"uv": [0, 4.5, 1.5, 6.5], "texture": "#0"},
				"east": {"uv": [0, 4.5, 1.5, 6.5], "texture": "#0"},
				"south": {"uv": [0, 4.5, 1.5, 6.5], "texture": "#0"},
				"west": {"uv": [0, 4.5, 1.5, 6.5], "texture": "#0"},
				"up": {"uv": [1.5, 8, 0, 6.5], "rotation": 90, "texture": "#0"},
				"down": {"uv": [8, 0, 6.5, 1.5], "rotation": 270, "texture": "#0"}
			}
		},
		{
			"from": [5.5, 1, 6.5],
			"to": [10.5, 4, 9.5],
			"rotation": {"angle": 0, "axis": "y", "origin": [16, 5, 16]},
			"faces": {
				"north": {"uv": [0, 0, 2.5, 1.5], "texture": "#0"},
				"east": {"uv": [6.5, 1.5, 8, 3], "texture": "#0"},
				"south": {"uv": [0, 0, 2.5, 1.5], "texture": "#0"},
				"west": {"uv": [6.5, 1.5, 8, 3], "texture": "#0"},
				"up": {"uv": [4, 2.5, 2.5, 0], "rotation": 90, "texture": "#0"},
				"down": {"uv": [4, 2.5, 2.5, 5], "rotation": 270, "texture": "#0"}
			}
		},
		{
			"from": [6.5, 1, 5.5],
			"to": [9.5, 4, 10.5],
			"rotation": {"angle": 0, "axis": "y", "origin": [16, 5, 16]},
			"faces": {
				"north": {"uv": [6.5, 1.5, 8, 3], "texture": "#0"},
				"east": {"uv": [0, 0, 2.5, 1.5], "texture": "#0"},
				"south": {"uv": [6.5, 1.5, 8, 3], "texture": "#0"},
				"west": {"uv": [0, 0, 2.5, 1.5], "texture": "#0"},
				"up": {"uv": [6.5, 3, 4, 1.5], "rotation": 90, "texture": "#0"},
				"down": {"uv": [6.5, 3, 4, 4.5], "rotation": 270, "texture": "#0"}
			}
		},
		{
			"from": [6.5, 4, 7.5],
			"to": [8.5, 5, 9.5],
			"rotation": {"angle": 0, "axis": "y", "origin": [16, 5, 16]},
			"faces": {
				"north": {"uv": [0, 8, 1, 8.5], "texture": "#0"},
				"east": {"uv": [1.5, 4.5, 2.5, 5], "texture": "#0"},
				"south": {"uv": [0, 8, 1, 8.5], "texture": "#0"},
				"west": {"uv": [6, 7.5, 7, 8], "texture": "#0"},
				"up": {"uv": [2.5, 8, 1.5, 7], "rotation": 90, "texture": "#0"},
				"down": {"uv": [8, 4.5, 7, 5.5], "rotation": 270, "texture": "#0"}
			}
		},
		{
			"from": [7.5, 4, 6.5],
			"to": [9.5, 5, 8.5],
			"rotation": {"angle": 0, "axis": "y", "origin": [16, 5, 16]},
			"faces": {
				"north": {"uv": [0, 8, 1, 8.5], "texture": "#0"},
				"east": {"uv": [0, 8, 1, 8.5], "texture": "#0"},
				"south": {"uv": [0, 8, 1, 8.5], "texture": "#0"},
				"west": {"uv": [0, 8, 1, 8.5], "texture": "#0"},
				"up": {"uv": [8, 6.5, 7, 5.5], "rotation": 90, "texture": "#0"},
				"down": {"uv": [8, 6.5, 7, 7.5], "rotation": 270, "texture": "#0"}
			}
		},
		{
			"from": [0.38299, 5, 18.5962],
			"to": [0.38299, 7, 20.5962],
			"rotation": {"angle": -45, "axis": "y", "origin": [16, 5, 16]},
			"faces": {
				"north": {"uv": [0, 0, 0, 1], "texture": "#0"},
				"east": {"uv": [3, 5, 4, 6], "rotation": 90, "texture": "#0"},
				"south": {"uv": [0, 0, 0, 1], "texture": "#0"},
				"west": {"uv": [3, 5, 4, 6], "texture": "#0"},
				"up": {"uv": [1, 0, 0, 0], "rotation": 270, "texture": "#0"},
				"down": {"uv": [1, 0, 0, 0], "rotation": 90, "texture": "#0"}
			}
		},
		{
			"from": [1, 0, 6.5],
			"to": [4, 4, 9.5],
			"rotation": {"angle": 0, "axis": "y", "origin": [16, 5, 16]},
			"faces": {
				"north": {"uv": [0, 4.5, 1.5, 6.5], "texture": "#0"},
				"east": {"uv": [0, 4.5, 1.5, 6.5], "texture": "#0"},
				"south": {"uv": [0, 4.5, 1.5, 6.5], "texture": "#0"},
				"west": {"uv": [0, 4.5, 1.5, 6.5], "texture": "#0"},
				"up": {"uv": [1.5, 8, 0, 6.5], "texture": "#0"},
				"down": {"uv": [8, 0, 6.5, 1.5], "texture": "#0"}
			}
		},
		{
			"from": [1, 1, 5.5],
			"to": [4, 4, 10.5],
			"rotation": {"angle": 0, "axis": "y", "origin": [16, 5, 16]},
			"faces": {
				"north": {"uv": [6.5, 1.5, 8, 3], "texture": "#0"},
				"east": {"uv": [0, 0, 2.5, 1.5], "texture": "#0"},
				"south": {"uv": [6.5, 1.5, 8, 3], "texture": "#0"},
				"west": {"uv": [0, 0, 2.5, 1.5], "texture": "#0"},
				"up": {"uv": [4, 2.5, 2.5, 0], "texture": "#0"},
				"down": {"uv": [4, 2.5, 2.5, 5], "texture": "#0"}
			}
		},
		{
			"from": [0, 1, 6.5],
			"to": [5, 4, 9.5],
			"rotation": {"angle": 0, "axis": "y", "origin": [16, 5, 16]},
			"faces": {
				"north": {"uv": [0, 0, 2.5, 1.5], "texture": "#0"},
				"east": {"uv": [6.5, 1.5, 8, 3], "texture": "#0"},
				"south": {"uv": [0, 0, 2.5, 1.5], "texture": "#0"},
				"west": {"uv": [6.5, 1.5, 8, 3], "texture": "#0"},
				"up": {"uv": [6.5, 3, 4, 1.5], "texture": "#0"},
				"down": {"uv": [6.5, 3, 4, 4.5], "texture": "#0"}
			}
		},
		{
			"from": [2, 4, 7.5],
			"to": [4, 5, 9.5],
			"rotation": {"angle": 0, "axis": "y", "origin": [16, 5, 16]},
			"faces": {
				"north": {"uv": [1.5, 4.5, 2.5, 5], "texture": "#0"},
				"east": {"uv": [0, 8, 1, 8.5], "texture": "#0"},
				"south": {"uv": [6, 7.5, 7, 8], "texture": "#0"},
				"west": {"uv": [0, 8, 1, 8.5], "texture": "#0"},
				"up": {"uv": [2.5, 8, 1.5, 7], "texture": "#0"},
				"down": {"uv": [8, 4.5, 7, 5.5], "texture": "#0"}
			}
		},
		{
			"from": [1, 4, 6.5],
			"to": [3, 5, 8.5],
			"rotation": {"angle": 0, "axis": "y", "origin": [16, 5, 16]},
			"faces": {
				"north": {"uv": [0, 8, 1, 8.5], "texture": "#0"},
				"east": {"uv": [0, 8, 1, 8.5], "texture": "#0"},
				"south": {"uv": [0, 8, 1, 8.5], "texture": "#0"},
				"west": {"uv": [0, 8, 1, 8.5], "texture": "#0"},
				"up": {"uv": [8, 6.5, 7, 5.5], "texture": "#0"},
				"down": {"uv": [8, 6.5, 7, 7.5], "texture": "#0"}
			}
		},
		{
			"from": [8.98959, 5, 11.4038],
			"to": [8.98959, 7, 13.4038],
			"rotation": {"angle": -45, "axis": "y", "origin": [16, 5, 16]},
			"faces": {
				"north": {"uv": [0, 0, 0, 1], "texture": "#0"},
				"east": {"uv": [3, 5, 4, 6], "texture": "#0"},
				"south": {"uv": [0, 0, 0, 1], "texture": "#0"},
				"west": {"uv": [3, 5, 4, 6], "rotation": 90, "texture": "#0"},
				"up": {"uv": [1, 0, 0, 0], "rotation": 90, "texture": "#0"},
				"down": {"uv": [1, 0, 0, 0], "rotation": 270, "texture": "#0"}
			}
		},
		{
			"from": [12, 0, 6.5],
			"to": [15, 4, 9.5],
			"rotation": {"angle": 0, "axis": "y", "origin": [16, 5, 16]},
			"faces": {
				"north": {"uv": [0, 4.5, 1.5, 6.5], "texture": "#0"},
				"east": {"uv": [0, 4.5, 1.5, 6.5], "texture": "#0"},
				"south": {"uv": [0, 4.5, 1.5, 6.5], "texture": "#0"},
				"west": {"uv": [0, 4.5, 1.5, 6.5], "texture": "#0"},
				"up": {"uv": [1.5, 8, 0, 6.5], "rotation": 180, "texture": "#0"},
				"down": {"uv": [8, 0, 6.5, 1.5], "rotation": 180, "texture": "#0"}
			}
		},
		{
			"from": [12, 1, 5.5],
			"to": [15, 4, 10.5],
			"rotation": {"angle": 0, "axis": "y", "origin": [16, 5, 16]},
			"faces": {
				"north": {"uv": [6.5, 1.5, 8, 3], "texture": "#0"},
				"east": {"uv": [0, 0, 2.5, 1.5], "texture": "#0"},
				"south": {"uv": [6.5, 1.5, 8, 3], "texture": "#0"},
				"west": {"uv": [0, 0, 2.5, 1.5], "texture": "#0"},
				"up": {"uv": [4, 2.5, 2.5, 0], "rotation": 180, "texture": "#0"},
				"down": {"uv": [4, 2.5, 2.5, 5], "rotation": 180, "texture": "#0"}
			}
		},
		{
			"from": [11, 1, 6.5],
			"to": [16, 4, 9.5],
			"rotation": {"angle": 0, "axis": "y", "origin": [16, 5, 16]},
			"faces": {
				"north": {"uv": [0, 0, 2.5, 1.5], "texture": "#0"},
				"east": {"uv": [6.5, 1.5, 8, 3], "texture": "#0"},
				"south": {"uv": [0, 0, 2.5, 1.5], "texture": "#0"},
				"west": {"uv": [6.5, 1.5, 8, 3], "texture": "#0"},
				"up": {"uv": [6.5, 3, 4, 1.5], "rotation": 180, "texture": "#0"},
				"down": {"uv": [6.5, 3, 4, 4.5], "rotation": 180, "texture": "#0"}
			}
		},
		{
			"from": [12, 4, 6.5],
			"to": [14, 5, 8.5],
			"rotation": {"angle": 0, "axis": "y", "origin": [16, 5, 16]},
			"faces": {
				"north": {"uv": [6, 7.5, 7, 8], "texture": "#0"},
				"east": {"uv": [0, 8, 1, 8.5], "texture": "#0"},
				"south": {"uv": [1.5, 4.5, 2.5, 5], "texture": "#0"},
				"west": {"uv": [0, 8, 1, 8.5], "texture": "#0"},
				"up": {"uv": [2.5, 8, 1.5, 7], "rotation": 180, "texture": "#0"},
				"down": {"uv": [8, 4.5, 7, 5.5], "rotation": 180, "texture": "#0"}
			}
		},
		{
			"from": [13, 4, 7.5],
			"to": [15, 5, 9.5],
			"rotation": {"angle": 0, "axis": "y", "origin": [16, 5, 16]},
			"faces": {
				"north": {"uv": [0, 8, 1, 8.5], "texture": "#0"},
				"east": {"uv": [0, 8, 1, 8.5], "texture": "#0"},
				"south": {"uv": [0, 8, 1, 8.5], "texture": "#0"},
				"west": {"uv": [0, 8, 1, 8.5], "texture": "#0"},
				"up": {"uv": [8, 6.5, 7, 5.5], "rotation": 180, "texture": "#0"},
				"down": {"uv": [8, 6.5, 7, 7.5], "rotation": 180, "texture": "#0"}
			}
		},
		{
			"from": [8.98959, 9, 15.29289],
			"to": [8.98959, 11, 17.29289],
			"rotation": {"angle": -45, "axis": "y", "origin": [16, 5, 16]},
			"faces": {
				"north": {"uv": [0, 0, 0, 1], "texture": "#0"},
				"east": {"uv": [3, 5, 4, 6], "texture": "#0"},
				"south": {"uv": [0, 0, 0, 1], "texture": "#0"},
				"west": {"uv": [3, 5, 4, 6], "rotation": 90, "texture": "#0"},
				"up": {"uv": [1, 0, 0, 0], "rotation": 90, "texture": "#0"},
				"down": {"uv": [1, 0, 0, 0], "rotation": 270, "texture": "#0"}
			}
		},
		{
			"from": [9.25, 4, 9.25],
			"to": [12.25, 8, 12.25],
			"rotation": {"angle": 0, "axis": "y", "origin": [16, 5, 16]},
			"faces": {
				"north": {"uv": [0, 4.5, 1.5, 6.5], "texture": "#0"},
				"east": {"uv": [0, 4.5, 1.5, 6.5], "texture": "#0"},
				"south": {"uv": [0, 4.5, 1.5, 6.5], "texture": "#0"},
				"west": {"uv": [0, 4.5, 1.5, 6.5], "texture": "#0"},
				"up": {"uv": [1.5, 8, 0, 6.5], "rotation": 180, "texture": "#0"},
				"down": {"uv": [8, 0, 6.5, 1.5], "rotation": 180, "texture": "#0"}
			}
		},
		{
			"from": [9.25, 5, 8.25],
			"to": [12.25, 8, 13.25],
			"rotation": {"angle": 0, "axis": "y", "origin": [16, 5, 16]},
			"faces": {
				"north": {"uv": [6.5, 1.5, 8, 3], "texture": "#0"},
				"east": {"uv": [0, 0, 2.5, 1.5], "texture": "#0"},
				"south": {"uv": [6.5, 1.5, 8, 3], "texture": "#0"},
				"west": {"uv": [0, 0, 2.5, 1.5], "texture": "#0"},
				"up": {"uv": [4, 2.5, 2.5, 0], "rotation": 180, "texture": "#0"},
				"down": {"uv": [4, 2.5, 2.5, 5], "rotation": 180, "texture": "#0"}
			}
		},
		{
			"from": [8.25, 5, 9.25],
			"to": [13.25, 8, 12.25],
			"rotation": {"angle": 0, "axis": "y", "origin": [16, 5, 16]},
			"faces": {
				"north": {"uv": [0, 0, 2.5, 1.5], "texture": "#0"},
				"east": {"uv": [6.5, 1.5, 8, 3], "texture": "#0"},
				"south": {"uv": [0, 0, 2.5, 1.5], "texture": "#0"},
				"west": {"uv": [6.5, 1.5, 8, 3], "texture": "#0"},
				"up": {"uv": [6.5, 3, 4, 1.5], "rotation": 180, "texture": "#0"},
				"down": {"uv": [6.5, 3, 4, 4.5], "rotation": 180, "texture": "#0"}
			}
		},
		{
			"from": [9.25, 8, 9.25],
			"to": [11.25, 9, 11.25],
			"rotation": {"angle": 0, "axis": "y", "origin": [16, 5, 16]},
			"faces": {
				"north": {"uv": [6, 7.5, 7, 8], "texture": "#0"},
				"east": {"uv": [0, 8, 1, 8.5], "texture": "#0"},
				"south": {"uv": [1.5, 4.5, 2.5, 5], "texture": "#0"},
				"west": {"uv": [0, 8, 1, 8.5], "texture": "#0"},
				"up": {"uv": [2.5, 8, 1.5, 7], "rotation": 180, "texture": "#0"},
				"down": {"uv": [8, 4.5, 7, 5.5], "rotation": 180, "texture": "#0"}
			}
		},
		{
			"from": [10.25, 8, 10.25],
			"to": [12.25, 9, 12.25],
			"rotation": {"angle": 0, "axis": "y", "origin": [16, 5, 16]},
			"faces": {
				"north": {"uv": [0, 8, 1, 8.5], "texture": "#0"},
				"east": {"uv": [0, 8, 1, 8.5], "texture": "#0"},
				"south": {"uv": [0, 8, 1, 8.5], "texture": "#0"},
				"west": {"uv": [0, 8, 1, 8.5], "texture": "#0"},
				"up": {"uv": [8, 6.5, 7, 5.5], "rotation": 180, "texture": "#0"},
				"down": {"uv": [8, 6.5, 7, 7.5], "rotation": 180, "texture": "#0"}
			}
		}
	],
	"groups": [
		{
			"name": "apple",
			"origin": [6, 4, 4],
			"color": 0,
			"children": [0, 1, 2, 3, 4, 5]
		},
		{
			"name": "apple",
			"origin": [6, 4, 4],
			"color": 0,
			"children": [6, 7, 8, 9, 10, 11]
		},
		{
			"name": "apple",
			"origin": [6, 4, 4],
			"color": 0,
			"children": [12, 13, 14, 15, 16, 17]
		},
		{
			"name": "apple",
			"origin": [6, 4, 4],
			"color": 0,
			"children": [18, 19, 20, 21, 22, 23]
		},
		{
			"name": "apple",
			"origin": [6, 4, 4],
			"color": 0,
			"children": [24, 25, 26, 27, 28, 29]
		},
		{
			"name": "apple",
			"origin": [6, 4, 4],
			"color": 0,
			"children": [30, 31, 32, 33, 34, 35]
		},
		{
			"name": "apple",
			"origin": [6, 4, 4],
			"color": 0,
			"children": [36, 37, 38, 39, 40, 41]
		}
	]
}