{
	"credit": "Made with Blockbench",
	"texture_size": [32, 32],
	"textures": {
		"0": "books/book",
		"1": "books/book_red",
		"2": "books/book_blue",
		"3": "books/book_green",
		"4": "books/book_yellow",
		"particle": "books/book"
	},
	"elements": [
		{
			"from": [14, 0.025, 2],
			"to": [15, 2.025, 13],
			"rotation": {"angle": 0, "axis": "y", "origin": [14, 0.025, 2]},
			"faces": {
				"north": {"uv": [10, 5, 10.5, 6], "texture": "#1"},
				"east": {"uv": [7, 9, 12.5, 10], "texture": "#1"},
				"south": {"uv": [10, 5, 10.5, 6], "texture": "#1"},
				"west": {"uv": [7, 9, 12.5, 10], "texture": "#1"},
				"up": {"uv": [7.5, 15.5, 7, 10], "texture": "#1"},
				"down": {"uv": [7.5, 10, 7, 15.5], "texture": "#1"}
			}
		},
		{
			"from": [8, 0.025, 3],
			"to": [14, 2.025, 12],
			"rotation": {"angle": 0, "axis": "y", "origin": [8, 0.025, 3]},
			"faces": {
				"north": {"uv": [10, 3, 13, 4], "texture": "#1"},
				"east": {"uv": [10, 1, 14.5, 2], "texture": "#1"},
				"south": {"uv": [10, 3, 13, 4], "texture": "#1"},
				"west": {"uv": [10, 2, 14.5, 3], "texture": "#1"},
				"up": {"uv": [3, 11, 0, 6.5], "texture": "#1"},
				"down": {"uv": [3, 6.5, 0, 11], "texture": "#1"}
			}
		},
		{
			"from": [7, 2.025, 2],
			"to": [14, 2.025, 13],
			"rotation": {"angle": 0, "axis": "y", "origin": [8, 0.025, 3]},
			"faces": {
				"north": {"uv": [0, 0, 3.5, 0], "texture": "#1"},
				"east": {"uv": [0, 0, 5.5, 0], "texture": "#1"},
				"south": {"uv": [0, 0, 3.5, 0], "texture": "#1"},
				"west": {"uv": [0, 0, 5.5, 0], "texture": "#1"},
				"up": {"uv": [3.5, 5.5, 0, 0], "texture": "#1"},
				"down": {"uv": [3.5, 0, 0, 5.5], "texture": "#1"}
			}
		},
		{
			"from": [7, 0.025, 2],
			"to": [14, 0.025, 13],
			"rotation": {"angle": 0, "axis": "y", "origin": [8, -1.975, 3]},
			"faces": {
				"north": {"uv": [0, 0, 3.5, 0], "texture": "#1"},
				"east": {"uv": [0, 0, 5.5, 0], "texture": "#1"},
				"south": {"uv": [0, 0, 3.5, 0], "texture": "#1"},
				"west": {"uv": [0, 0, 5.5, 0], "texture": "#1"},
				"up": {"uv": [7, 5.5, 3.5, 0], "texture": "#1"},
				"down": {"uv": [7, 0, 3.5, 5.5], "texture": "#1"}
			}
		},
		{
			"from": [7, 0.025, 6],
			"to": [7, 2.025, 8],
			"rotation": {"angle": 0, "axis": "z", "origin": [5, 5.525, 6]},
			"faces": {
				"north": {"uv": [0, 0, 4, 0], "rotation": 270, "texture": "#1"},
				"east": {"uv": [2.5, 5.5, 3.5, 6.5], "rotation": 90, "texture": "#1"},
				"south": {"uv": [0, 0, 4, 0], "rotation": 90, "texture": "#1"},
				"west": {"uv": [2.5, 5.5, 3.5, 6.5], "rotation": 90, "texture": "#1"},
				"up": {"uv": [0, 0, 1, 0], "rotation": 90, "texture": "#1"},
				"down": {"uv": [0, 0, 1, 0], "rotation": 90, "texture": "#1"}
			}
		},
		{
			"from": [2, 0.1, 2],
			"to": [3, 2.1, 13],
			"rotation": {"angle": 22.5, "axis": "z", "origin": [2, 0.1, 13]},
			"faces": {
				"north": {"uv": [10, 5, 10.5, 6], "texture": "#3"},
				"east": {"uv": [7, 9, 12.5, 10], "texture": "#3"},
				"south": {"uv": [10, 5, 10.5, 6], "texture": "#3"},
				"west": {"uv": [7, 9, 12.5, 10], "texture": "#3"},
				"up": {"uv": [7.5, 15.5, 7, 10], "rotation": 180, "texture": "#3"},
				"down": {"uv": [7.5, 10, 7, 15.5], "rotation": 180, "texture": "#3"}
			}
		},
		{
			"from": [3, 0.1, 3],
			"to": [9, 2.1, 12],
			"rotation": {"angle": 22.5, "axis": "z", "origin": [2, 0.1, 13]},
			"faces": {
				"north": {"uv": [10, 3, 13, 4], "texture": "#3"},
				"east": {"uv": [10, 2, 14.5, 3], "texture": "#3"},
				"south": {"uv": [10, 3, 13, 4], "texture": "#3"},
				"west": {"uv": [10, 1, 14.5, 2], "texture": "#3"},
				"up": {"uv": [3, 11, 0, 6.5], "rotation": 180, "texture": "#3"},
				"down": {"uv": [3, 6.5, 0, 11], "rotation": 180, "texture": "#3"}
			}
		},
		{
			"from": [3, 2.1, 2],
			"to": [10, 2.1, 13],
			"rotation": {"angle": 22.5, "axis": "z", "origin": [2, 0.1, 13]},
			"faces": {
				"north": {"uv": [0, 0, 3.5, 0], "texture": "#3"},
				"east": {"uv": [0, 0, 5.5, 0], "texture": "#3"},
				"south": {"uv": [0, 0, 3.5, 0], "texture": "#3"},
				"west": {"uv": [0, 0, 5.5, 0], "texture": "#3"},
				"up": {"uv": [3.5, 5.5, 0, 0], "rotation": 180, "texture": "#3"},
				"down": {"uv": [3.5, 0, 0, 5.5], "rotation": 180, "texture": "#3"}
			}
		},
		{
			"from": [3, 0.1, 2],
			"to": [10, 0.1, 13],
			"rotation": {"angle": 22.5, "axis": "z", "origin": [2, 0.1, 13]},
			"faces": {
				"north": {"uv": [0, 0, 3.5, 0], "texture": "#3"},
				"east": {"uv": [0, 0, 5.5, 0], "texture": "#3"},
				"south": {"uv": [0, 0, 3.5, 0], "texture": "#3"},
				"west": {"uv": [0, 0, 5.5, 0], "texture": "#3"},
				"up": {"uv": [7, 5.5, 3.5, 0], "rotation": 180, "texture": "#3"},
				"down": {"uv": [7, 0, 3.5, 5.5], "rotation": 180, "texture": "#3"}
			}
		},
		{
			"from": [10, 0.1, 7],
			"to": [10, 2.1, 9],
			"rotation": {"angle": 22.5, "axis": "z", "origin": [2, 0.1, 13]},
			"faces": {
				"north": {"uv": [0, 0, 4, 0], "rotation": 90, "texture": "#3"},
				"east": {"uv": [2.5, 5.5, 3.5, 6.5], "rotation": 90, "texture": "#3"},
				"south": {"uv": [0, 0, 4, 0], "rotation": 270, "texture": "#3"},
				"west": {"uv": [2.5, 5.5, 3.5, 6.5], "rotation": 90, "texture": "#3"},
				"up": {"uv": [0, 0, 1, 0], "rotation": 270, "texture": "#3"},
				"down": {"uv": [0, 0, 1, 0], "rotation": 270, "texture": "#3"}
			}
		}
	],
	"groups": [
		{
			"name": "book",
			"origin": [5, -2, 3],
			"color": 0,
			"children": [0, 1, 2, 3, 4]
		},
		{
			"name": "book",
			"origin": [5, -2, 3],
			"color": 0,
			"children": [5, 6, 7, 8, 9]
		}
	]
}