{
	"credit": "Made with Blockbench",
	"texture_size": [32, 32],
	"textures": {
		"0": "books/book",
		"1": "books/book_red",
		"2": "books/book_blue",
		"3": "books/book_green",
		"4": "books/book_yellow",
		"particle": "books/book"
	},
	"elements": [
		{
			"from": [13.75, 0.05, 8],
			"to": [15.75, 11.05, 9],
			"rotation": {"angle": 0, "axis": "y", "origin": [15.75, 0.05, 8]},
			"faces": {
				"north": {"uv": [7, 9, 12.5, 10], "rotation": 90, "texture": "#1"},
				"east": {"uv": [7.5, 10, 7, 15.5], "texture": "#1"},
				"south": {"uv": [7, 9, 12.5, 10], "rotation": 270, "texture": "#1"},
				"west": {"uv": [7.5, 15.5, 7, 10], "rotation": 180, "texture": "#1"},
				"up": {"uv": [10, 5, 10.5, 6], "rotation": 270, "texture": "#1"},
				"down": {"uv": [10, 5, 10.5, 6], "rotation": 270, "texture": "#1"}
			}
		},
		{
			"from": [13.75, 1.05, 9],
			"to": [15.75, 10.05, 15],
			"rotation": {"angle": 0, "axis": "y", "origin": [15.75, 0.05, 8]},
			"faces": {
				"north": {"uv": [10, 1, 14.5, 2], "rotation": 90, "texture": "#1"},
				"east": {"uv": [3, 6.5, 0, 11], "texture": "#1"},
				"south": {"uv": [10, 2, 14.5, 3], "rotation": 270, "texture": "#1"},
				"west": {"uv": [3, 11, 0, 6.5], "rotation": 180, "texture": "#1"},
				"up": {"uv": [10, 3, 13, 4], "rotation": 270, "texture": "#1"},
				"down": {"uv": [10, 3, 13, 4], "rotation": 270, "texture": "#1"}
			}
		},
		{
			"from": [13.75, 0.05, 9],
			"to": [13.75, 11.05, 16],
			"rotation": {"angle": 0, "axis": "y", "origin": [15.75, 0.05, 8]},
			"faces": {
				"north": {"uv": [0, 0, 5.5, 0], "rotation": 90, "texture": "#1"},
				"east": {"uv": [3.5, 0, 0, 5.5], "texture": "#1"},
				"south": {"uv": [0, 0, 5.5, 0], "rotation": 270, "texture": "#1"},
				"west": {"uv": [3.5, 5.5, 0, 0], "rotation": 180, "texture": "#1"},
				"up": {"uv": [0, 0, 3.5, 0], "rotation": 270, "texture": "#1"},
				"down": {"uv": [0, 0, 3.5, 0], "rotation": 270, "texture": "#1"}
			}
		},
		{
			"from": [15.75, 0.05, 9],
			"to": [15.75, 11.05, 16],
			"rotation": {"angle": 0, "axis": "y", "origin": [15.75, 0.05, 8]},
			"faces": {
				"north": {"uv": [0, 0, 5.5, 0], "rotation": 90, "texture": "#1"},
				"east": {"uv": [7, 0, 3.5, 5.5], "texture": "#1"},
				"south": {"uv": [0, 0, 5.5, 0], "rotation": 270, "texture": "#1"},
				"west": {"uv": [7, 5.5, 3.5, 0], "rotation": 180, "texture": "#1"},
				"up": {"uv": [0, 0, 3.5, 0], "rotation": 270, "texture": "#1"},
				"down": {"uv": [0, 0, 3.5, 0], "rotation": 270, "texture": "#1"}
			}
		},
		{
			"from": [13.75, 4.05, 16],
			"to": [15.75, 6.05, 16],
			"rotation": {"angle": 0, "axis": "y", "origin": [15.75, 0.05, 8]},
			"faces": {
				"north": {"uv": [2.5, 5.5, 3.5, 6.5], "rotation": 180, "texture": "#1"},
				"east": {"uv": [0, 0, 1, 0], "rotation": 90, "texture": "#1"},
				"south": {"uv": [2.5, 5.5, 3.5, 6.5], "texture": "#1"},
				"west": {"uv": [0, 0, 1, 0], "rotation": 270, "texture": "#1"},
				"up": {"uv": [0, 0, 4, 0], "texture": "#1"},
				"down": {"uv": [0, 0, 4, 0], "rotation": 180, "texture": "#1"}
			}
		},
		{
			"from": [11.5, 0.05, 7],
			"to": [13.5, 11.05, 8],
			"rotation": {"angle": 0, "axis": "y", "origin": [13.5, 0.05, 7]},
			"faces": {
				"north": {"uv": [7, 9, 12.5, 10], "rotation": 90, "texture": "#3"},
				"east": {"uv": [7.5, 10, 7, 15.5], "texture": "#3"},
				"south": {"uv": [7, 9, 12.5, 10], "rotation": 270, "texture": "#3"},
				"west": {"uv": [7.5, 15.5, 7, 10], "rotation": 180, "texture": "#3"},
				"up": {"uv": [10, 5, 10.5, 6], "rotation": 270, "texture": "#3"},
				"down": {"uv": [10, 5, 10.5, 6], "rotation": 270, "texture": "#3"}
			}
		},
		{
			"from": [11.5, 1.05, 8],
			"to": [13.5, 10.05, 14],
			"rotation": {"angle": 0, "axis": "y", "origin": [13.5, 0.05, 7]},
			"faces": {
				"north": {"uv": [10, 1, 14.5, 2], "rotation": 90, "texture": "#3"},
				"east": {"uv": [3, 6.5, 0, 11], "texture": "#3"},
				"south": {"uv": [10, 2, 14.5, 3], "rotation": 270, "texture": "#3"},
				"west": {"uv": [3, 11, 0, 6.5], "rotation": 180, "texture": "#3"},
				"up": {"uv": [10, 3, 13, 4], "rotation": 270, "texture": "#3"},
				"down": {"uv": [10, 3, 13, 4], "rotation": 270, "texture": "#3"}
			}
		},
		{
			"from": [11.5, 0.05, 8],
			"to": [11.5, 11.05, 15],
			"rotation": {"angle": 0, "axis": "y", "origin": [13.5, 0.05, 7]},
			"faces": {
				"north": {"uv": [0, 0, 5.5, 0], "rotation": 90, "texture": "#3"},
				"east": {"uv": [3.5, 0, 0, 5.5], "texture": "#3"},
				"south": {"uv": [0, 0, 5.5, 0], "rotation": 270, "texture": "#3"},
				"west": {"uv": [3.5, 5.5, 0, 0], "rotation": 180, "texture": "#3"},
				"up": {"uv": [0, 0, 3.5, 0], "rotation": 270, "texture": "#3"},
				"down": {"uv": [0, 0, 3.5, 0], "rotation": 270, "texture": "#3"}
			}
		},
		{
			"from": [13.5, 0.05, 8],
			"to": [13.5, 11.05, 15],
			"rotation": {"angle": 0, "axis": "y", "origin": [13.5, 0.05, 7]},
			"faces": {
				"north": {"uv": [0, 0, 5.5, 0], "rotation": 90, "texture": "#3"},
				"east": {"uv": [7, 0, 3.5, 5.5], "texture": "#3"},
				"south": {"uv": [0, 0, 5.5, 0], "rotation": 270, "texture": "#3"},
				"west": {"uv": [7, 5.5, 3.5, 0], "rotation": 180, "texture": "#3"},
				"up": {"uv": [0, 0, 3.5, 0], "rotation": 270, "texture": "#3"},
				"down": {"uv": [0, 0, 3.5, 0], "rotation": 270, "texture": "#3"}
			}
		},
		{
			"from": [11.5, 4.05, 15],
			"to": [13.5, 6.05, 15],
			"rotation": {"angle": 0, "axis": "y", "origin": [13.5, 0.05, 7]},
			"faces": {
				"north": {"uv": [2.5, 5.5, 3.5, 6.5], "rotation": 180, "texture": "#3"},
				"east": {"uv": [0, 0, 1, 0], "rotation": 90, "texture": "#3"},
				"south": {"uv": [2.5, 5.5, 3.5, 6.5], "texture": "#3"},
				"west": {"uv": [0, 0, 1, 0], "rotation": 270, "texture": "#3"},
				"up": {"uv": [0, 0, 4, 0], "texture": "#3"},
				"down": {"uv": [0, 0, 4, 0], "rotation": 180, "texture": "#3"}
			}
		},
		{
			"from": [9.25, 0.05, 8],
			"to": [11.25, 11.05, 9],
			"rotation": {"angle": 0, "axis": "z", "origin": [9.25, 11.05, 8]},
			"faces": {
				"north": {"uv": [7, 9, 12.5, 10], "rotation": 270, "texture": "#0"},
				"east": {"uv": [7.5, 15.5, 7, 10], "texture": "#0"},
				"south": {"uv": [7, 9, 12.5, 10], "rotation": 90, "texture": "#0"},
				"west": {"uv": [7.5, 10, 7, 15.5], "rotation": 180, "texture": "#0"},
				"up": {"uv": [10, 5, 10.5, 6], "rotation": 90, "texture": "#0"},
				"down": {"uv": [10, 5, 10.5, 6], "rotation": 90, "texture": "#0"}
			}
		},
		{
			"from": [9.25, 1.05, 9],
			"to": [11.25, 10.05, 15],
			"rotation": {"angle": 0, "axis": "z", "origin": [9.25, 11.05, 8]},
			"faces": {
				"north": {"uv": [10, 1, 14.5, 2], "rotation": 270, "texture": "#0"},
				"east": {"uv": [3, 11, 0, 6.5], "texture": "#0"},
				"south": {"uv": [10, 2, 14.5, 3], "rotation": 90, "texture": "#0"},
				"west": {"uv": [3, 6.5, 0, 11], "rotation": 180, "texture": "#0"},
				"up": {"uv": [10, 3, 13, 4], "rotation": 90, "texture": "#0"},
				"down": {"uv": [10, 3, 13, 4], "rotation": 90, "texture": "#0"}
			}
		},
		{
			"from": [11.25, 0.05, 9],
			"to": [11.25, 11.05, 16],
			"rotation": {"angle": 0, "axis": "z", "origin": [9.25, 11.05, 8]},
			"faces": {
				"north": {"uv": [0, 0, 5.5, 0], "rotation": 270, "texture": "#0"},
				"east": {"uv": [3.5, 5.5, 0, 0], "texture": "#0"},
				"south": {"uv": [0, 0, 5.5, 0], "rotation": 90, "texture": "#0"},
				"west": {"uv": [3.5, 0, 0, 5.5], "rotation": 180, "texture": "#0"},
				"up": {"uv": [0, 0, 3.5, 0], "rotation": 90, "texture": "#0"},
				"down": {"uv": [0, 0, 3.5, 0], "rotation": 90, "texture": "#0"}
			}
		},
		{
			"from": [9.25, 0.05, 9],
			"to": [9.25, 11.05, 16],
			"rotation": {"angle": 0, "axis": "z", "origin": [9.25, 11.05, 8]},
			"faces": {
				"north": {"uv": [0, 0, 5.5, 0], "rotation": 270, "texture": "#0"},
				"east": {"uv": [7, 5.5, 3.5, 0], "texture": "#0"},
				"south": {"uv": [0, 0, 5.5, 0], "rotation": 90, "texture": "#0"},
				"west": {"uv": [7, 0, 3.5, 5.5], "rotation": 180, "texture": "#0"},
				"up": {"uv": [0, 0, 3.5, 0], "rotation": 90, "texture": "#0"},
				"down": {"uv": [0, 0, 3.5, 0], "rotation": 90, "texture": "#0"}
			}
		},
		{
			"from": [9.25, 5.05, 16],
			"to": [11.25, 7.05, 16],
			"rotation": {"angle": 0, "axis": "z", "origin": [9.25, 11.05, 8]},
			"faces": {
				"north": {"uv": [2.5, 5.5, 3.5, 6.5], "texture": "#0"},
				"east": {"uv": [0, 0, 1, 0], "rotation": 90, "texture": "#0"},
				"south": {"uv": [2.5, 5.5, 3.5, 6.5], "rotation": 180, "texture": "#0"},
				"west": {"uv": [0, 0, 1, 0], "rotation": 270, "texture": "#0"},
				"up": {"uv": [0, 0, 4, 0], "texture": "#0"},
				"down": {"uv": [0, 0, 4, 0], "rotation": 180, "texture": "#0"}
			}
		},
		{
			"from": [7, 0.05, 7.5],
			"to": [9, 11.05, 8.5],
			"rotation": {"angle": 0, "axis": "y", "origin": [9, 0.05, 7.5]},
			"faces": {
				"north": {"uv": [7, 9, 12.5, 10], "rotation": 90, "texture": "#2"},
				"east": {"uv": [7.5, 10, 7, 15.5], "texture": "#2"},
				"south": {"uv": [7, 9, 12.5, 10], "rotation": 270, "texture": "#2"},
				"west": {"uv": [7.5, 15.5, 7, 10], "rotation": 180, "texture": "#2"},
				"up": {"uv": [10, 5, 10.5, 6], "rotation": 270, "texture": "#2"},
				"down": {"uv": [10, 5, 10.5, 6], "rotation": 270, "texture": "#2"}
			}
		},
		{
			"from": [7, 1.05, 8.5],
			"to": [9, 10.05, 14.5],
			"rotation": {"angle": 0, "axis": "y", "origin": [9, 0.05, 7.5]},
			"faces": {
				"north": {"uv": [10, 1, 14.5, 2], "rotation": 90, "texture": "#2"},
				"east": {"uv": [3, 6.5, 0, 11], "texture": "#2"},
				"south": {"uv": [10, 2, 14.5, 3], "rotation": 270, "texture": "#2"},
				"west": {"uv": [3, 11, 0, 6.5], "rotation": 180, "texture": "#2"},
				"up": {"uv": [10, 3, 13, 4], "rotation": 270, "texture": "#2"},
				"down": {"uv": [10, 3, 13, 4], "rotation": 270, "texture": "#2"}
			}
		},
		{
			"from": [7, 0.05, 8.5],
			"to": [7, 11.05, 15.5],
			"rotation": {"angle": 0, "axis": "y", "origin": [9, 0.05, 7.5]},
			"faces": {
				"north": {"uv": [0, 0, 5.5, 0], "rotation": 90, "texture": "#2"},
				"east": {"uv": [3.5, 0, 0, 5.5], "texture": "#2"},
				"south": {"uv": [0, 0, 5.5, 0], "rotation": 270, "texture": "#2"},
				"west": {"uv": [3.5, 5.5, 0, 0], "rotation": 180, "texture": "#2"},
				"up": {"uv": [0, 0, 3.5, 0], "rotation": 270, "texture": "#2"},
				"down": {"uv": [0, 0, 3.5, 0], "rotation": 270, "texture": "#2"}
			}
		},
		{
			"from": [9, 0.05, 8.5],
			"to": [9, 11.05, 15.5],
			"rotation": {"angle": 0, "axis": "y", "origin": [9, 0.05, 7.5]},
			"faces": {
				"north": {"uv": [0, 0, 5.5, 0], "rotation": 90, "texture": "#2"},
				"east": {"uv": [7, 0, 3.5, 5.5], "texture": "#2"},
				"south": {"uv": [0, 0, 5.5, 0], "rotation": 270, "texture": "#2"},
				"west": {"uv": [7, 5.5, 3.5, 0], "rotation": 180, "texture": "#2"},
				"up": {"uv": [0, 0, 3.5, 0], "rotation": 270, "texture": "#2"},
				"down": {"uv": [0, 0, 3.5, 0], "rotation": 270, "texture": "#2"}
			}
		},
		{
			"from": [7, 4.05, 15.5],
			"to": [9, 6.05, 15.5],
			"rotation": {"angle": 0, "axis": "y", "origin": [9, 0.05, 7.5]},
			"faces": {
				"north": {"uv": [2.5, 5.5, 3.5, 6.5], "rotation": 180, "texture": "#2"},
				"east": {"uv": [0, 0, 1, 0], "rotation": 90, "texture": "#2"},
				"south": {"uv": [2.5, 5.5, 3.5, 6.5], "texture": "#2"},
				"west": {"uv": [0, 0, 1, 0], "rotation": 270, "texture": "#2"},
				"up": {"uv": [0, 0, 4, 0], "texture": "#2"},
				"down": {"uv": [0, 0, 4, 0], "rotation": 180, "texture": "#2"}
			}
		},
		{
			"from": [4.75, 0.05, 7.75],
			"to": [6.75, 11.05, 8.75],
			"rotation": {"angle": 0, "axis": "y", "origin": [4.75, 11.05, 7.75]},
			"faces": {
				"north": {"uv": [7, 9, 12.5, 10], "rotation": 270, "texture": "#4"},
				"east": {"uv": [7.5, 15.5, 7, 10], "texture": "#4"},
				"south": {"uv": [7, 9, 12.5, 10], "rotation": 90, "texture": "#4"},
				"west": {"uv": [7.5, 10, 7, 15.5], "rotation": 180, "texture": "#4"},
				"up": {"uv": [10, 5, 10.5, 6], "rotation": 90, "texture": "#4"},
				"down": {"uv": [10, 5, 10.5, 6], "rotation": 90, "texture": "#4"}
			}
		},
		{
			"from": [4.75, 1.05, 8.75],
			"to": [6.75, 10.05, 14.75],
			"rotation": {"angle": 0, "axis": "y", "origin": [4.75, 11.05, 7.75]},
			"faces": {
				"north": {"uv": [10, 1, 14.5, 2], "rotation": 270, "texture": "#4"},
				"east": {"uv": [3, 11, 0, 6.5], "texture": "#4"},
				"south": {"uv": [10, 2, 14.5, 3], "rotation": 90, "texture": "#4"},
				"west": {"uv": [3, 6.5, 0, 11], "rotation": 180, "texture": "#4"},
				"up": {"uv": [10, 3, 13, 4], "rotation": 90, "texture": "#4"},
				"down": {"uv": [10, 3, 13, 4], "rotation": 90, "texture": "#4"}
			}
		},
		{
			"from": [6.75, 0.05, 8.75],
			"to": [6.75, 11.05, 15.75],
			"rotation": {"angle": 0, "axis": "y", "origin": [4.75, 11.05, 7.75]},
			"faces": {
				"north": {"uv": [0, 0, 5.5, 0], "rotation": 270, "texture": "#4"},
				"east": {"uv": [3.5, 5.5, 0, 0], "texture": "#4"},
				"south": {"uv": [0, 0, 5.5, 0], "rotation": 90, "texture": "#4"},
				"west": {"uv": [3.5, 0, 0, 5.5], "rotation": 180, "texture": "#4"},
				"up": {"uv": [0, 0, 3.5, 0], "rotation": 90, "texture": "#4"},
				"down": {"uv": [0, 0, 3.5, 0], "rotation": 90, "texture": "#4"}
			}
		},
		{
			"from": [4.75, 0.05, 8.75],
			"to": [4.75, 11.05, 15.75],
			"rotation": {"angle": 0, "axis": "y", "origin": [4.75, 11.05, 7.75]},
			"faces": {
				"north": {"uv": [0, 0, 5.5, 0], "rotation": 270, "texture": "#4"},
				"east": {"uv": [7, 5.5, 3.5, 0], "texture": "#4"},
				"south": {"uv": [0, 0, 5.5, 0], "rotation": 90, "texture": "#4"},
				"west": {"uv": [7, 0, 3.5, 5.5], "rotation": 180, "texture": "#4"},
				"up": {"uv": [0, 0, 3.5, 0], "rotation": 90, "texture": "#4"},
				"down": {"uv": [0, 0, 3.5, 0], "rotation": 90, "texture": "#4"}
			}
		},
		{
			"from": [4.75, 5.05, 15.75],
			"to": [6.75, 7.05, 15.75],
			"rotation": {"angle": 0, "axis": "y", "origin": [4.75, 11.05, 7.75]},
			"faces": {
				"north": {"uv": [2.5, 5.5, 3.5, 6.5], "texture": "#4"},
				"east": {"uv": [0, 0, 1, 0], "rotation": 90, "texture": "#4"},
				"south": {"uv": [2.5, 5.5, 3.5, 6.5], "rotation": 180, "texture": "#4"},
				"west": {"uv": [0, 0, 1, 0], "rotation": 270, "texture": "#4"},
				"up": {"uv": [0, 0, 4, 0], "texture": "#4"},
				"down": {"uv": [0, 0, 4, 0], "rotation": 180, "texture": "#4"}
			}
		},
		{
			"from": [2.5, 0.05, 7],
			"to": [4.5, 11.05, 8],
			"rotation": {"angle": 0, "axis": "y", "origin": [4.5, 0.05, 7]},
			"faces": {
				"north": {"uv": [7, 9, 12.5, 10], "rotation": 90, "texture": "#1"},
				"east": {"uv": [7.5, 10, 7, 15.5], "texture": "#1"},
				"south": {"uv": [7, 9, 12.5, 10], "rotation": 270, "texture": "#1"},
				"west": {"uv": [7.5, 15.5, 7, 10], "rotation": 180, "texture": "#1"},
				"up": {"uv": [10, 5, 10.5, 6], "rotation": 270, "texture": "#1"},
				"down": {"uv": [10, 5, 10.5, 6], "rotation": 270, "texture": "#1"}
			}
		},
		{
			"from": [2.5, 1.05, 8],
			"to": [4.5, 10.05, 14],
			"rotation": {"angle": 0, "axis": "y", "origin": [4.5, 0.05, 7]},
			"faces": {
				"north": {"uv": [10, 1, 14.5, 2], "rotation": 90, "texture": "#1"},
				"east": {"uv": [3, 6.5, 0, 11], "texture": "#1"},
				"south": {"uv": [10, 2, 14.5, 3], "rotation": 270, "texture": "#1"},
				"west": {"uv": [3, 11, 0, 6.5], "rotation": 180, "texture": "#1"},
				"up": {"uv": [10, 3, 13, 4], "rotation": 270, "texture": "#1"},
				"down": {"uv": [10, 3, 13, 4], "rotation": 270, "texture": "#1"}
			}
		},
		{
			"from": [2.5, 0.05, 8],
			"to": [2.5, 11.05, 15],
			"rotation": {"angle": 0, "axis": "y", "origin": [4.5, 0.05, 7]},
			"faces": {
				"north": {"uv": [0, 0, 5.5, 0], "rotation": 90, "texture": "#1"},
				"east": {"uv": [3.5, 0, 0, 5.5], "texture": "#1"},
				"south": {"uv": [0, 0, 5.5, 0], "rotation": 270, "texture": "#1"},
				"west": {"uv": [3.5, 5.5, 0, 0], "rotation": 180, "texture": "#1"},
				"up": {"uv": [0, 0, 3.5, 0], "rotation": 270, "texture": "#1"},
				"down": {"uv": [0, 0, 3.5, 0], "rotation": 270, "texture": "#1"}
			}
		},
		{
			"from": [4.5, 0.05, 8],
			"to": [4.5, 11.05, 15],
			"rotation": {"angle": 0, "axis": "y", "origin": [4.5, 0.05, 7]},
			"faces": {
				"north": {"uv": [0, 0, 5.5, 0], "rotation": 90, "texture": "#1"},
				"east": {"uv": [7, 0, 3.5, 5.5], "texture": "#1"},
				"south": {"uv": [0, 0, 5.5, 0], "rotation": 270, "texture": "#1"},
				"west": {"uv": [7, 5.5, 3.5, 0], "rotation": 180, "texture": "#1"},
				"up": {"uv": [0, 0, 3.5, 0], "rotation": 270, "texture": "#1"},
				"down": {"uv": [0, 0, 3.5, 0], "rotation": 270, "texture": "#1"}
			}
		},
		{
			"from": [2.5, 4.05, 15],
			"to": [4.5, 6.05, 15],
			"rotation": {"angle": 0, "axis": "y", "origin": [4.5, 0.05, 7]},
			"faces": {
				"north": {"uv": [2.5, 5.5, 3.5, 6.5], "rotation": 180, "texture": "#1"},
				"east": {"uv": [0, 0, 1, 0], "rotation": 90, "texture": "#1"},
				"south": {"uv": [2.5, 5.5, 3.5, 6.5], "texture": "#1"},
				"west": {"uv": [0, 0, 1, 0], "rotation": 270, "texture": "#1"},
				"up": {"uv": [0, 0, 4, 0], "texture": "#1"},
				"down": {"uv": [0, 0, 4, 0], "rotation": 180, "texture": "#1"}
			}
		},
		{
			"from": [0.25, 0.05, 7.75],
			"to": [2.25, 11.05, 8.75],
			"rotation": {"angle": 0, "axis": "y", "origin": [0.25, 11.05, 7.75]},
			"faces": {
				"north": {"uv": [7, 9, 12.5, 10], "rotation": 270, "texture": "#0"},
				"east": {"uv": [7.5, 15.5, 7, 10], "texture": "#0"},
				"south": {"uv": [7, 9, 12.5, 10], "rotation": 90, "texture": "#0"},
				"west": {"uv": [7.5, 10, 7, 15.5], "rotation": 180, "texture": "#0"},
				"up": {"uv": [10, 5, 10.5, 6], "rotation": 90, "texture": "#0"},
				"down": {"uv": [10, 5, 10.5, 6], "rotation": 90, "texture": "#0"}
			}
		},
		{
			"from": [0.25, 1.05, 8.75],
			"to": [2.25, 10.05, 14.75],
			"rotation": {"angle": 0, "axis": "y", "origin": [0.25, 11.05, 7.75]},
			"faces": {
				"north": {"uv": [10, 1, 14.5, 2], "rotation": 270, "texture": "#0"},
				"east": {"uv": [3, 11, 0, 6.5], "texture": "#0"},
				"south": {"uv": [10, 2, 14.5, 3], "rotation": 90, "texture": "#0"},
				"west": {"uv": [3, 6.5, 0, 11], "rotation": 180, "texture": "#0"},
				"up": {"uv": [10, 3, 13, 4], "rotation": 90, "texture": "#0"},
				"down": {"uv": [10, 3, 13, 4], "rotation": 90, "texture": "#0"}
			}
		},
		{
			"from": [2.25, 0.05, 8.75],
			"to": [2.25, 11.05, 15.75],
			"rotation": {"angle": 0, "axis": "y", "origin": [0.25, 11.05, 7.75]},
			"faces": {
				"north": {"uv": [0, 0, 5.5, 0], "rotation": 270, "texture": "#0"},
				"east": {"uv": [3.5, 5.5, 0, 0], "texture": "#0"},
				"south": {"uv": [0, 0, 5.5, 0], "rotation": 90, "texture": "#0"},
				"west": {"uv": [3.5, 0, 0, 5.5], "rotation": 180, "texture": "#0"},
				"up": {"uv": [0, 0, 3.5, 0], "rotation": 90, "texture": "#0"},
				"down": {"uv": [0, 0, 3.5, 0], "rotation": 90, "texture": "#0"}
			}
		},
		{
			"from": [0.25, 0.05, 8.75],
			"to": [0.25, 11.05, 15.75],
			"rotation": {"angle": 0, "axis": "y", "origin": [0.25, 11.05, 7.75]},
			"faces": {
				"north": {"uv": [0, 0, 5.5, 0], "rotation": 270, "texture": "#0"},
				"east": {"uv": [7, 5.5, 3.5, 0], "texture": "#0"},
				"south": {"uv": [0, 0, 5.5, 0], "rotation": 90, "texture": "#0"},
				"west": {"uv": [7, 0, 3.5, 5.5], "rotation": 180, "texture": "#0"},
				"up": {"uv": [0, 0, 3.5, 0], "rotation": 90, "texture": "#0"},
				"down": {"uv": [0, 0, 3.5, 0], "rotation": 90, "texture": "#0"}
			}
		},
		{
			"from": [0.25, 5.05, 15.75],
			"to": [2.25, 7.05, 15.75],
			"rotation": {"angle": 0, "axis": "y", "origin": [0.25, 11.05, 7.75]},
			"faces": {
				"north": {"uv": [2.5, 5.5, 3.5, 6.5], "texture": "#0"},
				"east": {"uv": [0, 0, 1, 0], "rotation": 90, "texture": "#0"},
				"south": {"uv": [2.5, 5.5, 3.5, 6.5], "rotation": 180, "texture": "#0"},
				"west": {"uv": [0, 0, 1, 0], "rotation": 270, "texture": "#0"},
				"up": {"uv": [0, 0, 4, 0], "texture": "#0"},
				"down": {"uv": [0, 0, 4, 0], "rotation": 180, "texture": "#0"}
			}
		},
		{
			"from": [2.5, 0.05, -1.25],
			"to": [13.5, 2.05, -0.25],
			"rotation": {"angle": 0, "axis": "z", "origin": [13.5, 2.05, -1.25]},
			"faces": {
				"north": {"uv": [7, 9, 12.5, 10], "rotation": 180, "texture": "#1"},
				"east": {"uv": [10, 5, 10.5, 6], "rotation": 180, "texture": "#1"},
				"south": {"uv": [7, 9, 12.5, 10], "rotation": 180, "texture": "#1"},
				"west": {"uv": [10, 5, 10.5, 6], "rotation": 180, "texture": "#1"},
				"up": {"uv": [7.5, 10, 7, 15.5], "rotation": 270, "texture": "#1"},
				"down": {"uv": [7.5, 15.5, 7, 10], "rotation": 90, "texture": "#1"}
			}
		},
		{
			"from": [3.5, 0.05, -0.25],
			"to": [12.5, 2.05, 5.75],
			"rotation": {"angle": 0, "axis": "z", "origin": [13.5, 2.05, -1.25]},
			"faces": {
				"north": {"uv": [10, 1, 14.5, 2], "rotation": 180, "texture": "#1"},
				"east": {"uv": [10, 3, 13, 4], "rotation": 180, "texture": "#1"},
				"south": {"uv": [10, 2, 14.5, 3], "rotation": 180, "texture": "#1"},
				"west": {"uv": [10, 3, 13, 4], "rotation": 180, "texture": "#1"},
				"up": {"uv": [3, 6.5, 0, 11], "rotation": 270, "texture": "#1"},
				"down": {"uv": [3, 11, 0, 6.5], "rotation": 90, "texture": "#1"}
			}
		},
		{
			"from": [2.5, 0.05, -0.25],
			"to": [13.5, 0.05, 6.75],
			"rotation": {"angle": 0, "axis": "z", "origin": [13.5, 2.05, -1.25]},
			"faces": {
				"north": {"uv": [0, 0, 5.5, 0], "rotation": 180, "texture": "#1"},
				"east": {"uv": [0, 0, 3.5, 0], "rotation": 180, "texture": "#1"},
				"south": {"uv": [0, 0, 5.5, 0], "rotation": 180, "texture": "#1"},
				"west": {"uv": [0, 0, 3.5, 0], "rotation": 180, "texture": "#1"},
				"up": {"uv": [3.5, 0, 0, 5.5], "rotation": 270, "texture": "#1"},
				"down": {"uv": [3.5, 5.5, 0, 0], "rotation": 90, "texture": "#1"}
			}
		},
		{
			"from": [2.5, 2.05, -0.25],
			"to": [13.5, 2.05, 6.75],
			"rotation": {"angle": 0, "axis": "z", "origin": [13.5, 2.05, -1.25]},
			"faces": {
				"north": {"uv": [0, 0, 5.5, 0], "rotation": 180, "texture": "#1"},
				"east": {"uv": [0, 0, 3.5, 0], "rotation": 180, "texture": "#1"},
				"south": {"uv": [0, 0, 5.5, 0], "rotation": 180, "texture": "#1"},
				"west": {"uv": [0, 0, 3.5, 0], "rotation": 180, "texture": "#1"},
				"up": {"uv": [7, 0, 3.5, 5.5], "rotation": 270, "texture": "#1"},
				"down": {"uv": [7, 5.5, 3.5, 0], "rotation": 90, "texture": "#1"}
			}
		},
		{
			"from": [7.5, 0.05, 6.75],
			"to": [9.5, 2.05, 6.75],
			"rotation": {"angle": 0, "axis": "z", "origin": [13.5, 2.05, -1.25]},
			"faces": {
				"north": {"uv": [2.5, 5.5, 3.5, 6.5], "rotation": 270, "texture": "#1"},
				"east": {"uv": [0, 0, 4, 0], "rotation": 90, "texture": "#1"},
				"south": {"uv": [2.5, 5.5, 3.5, 6.5], "rotation": 270, "texture": "#1"},
				"west": {"uv": [0, 0, 4, 0], "rotation": 270, "texture": "#1"},
				"up": {"uv": [0, 0, 1, 0], "texture": "#1"},
				"down": {"uv": [0, 0, 1, 0], "rotation": 180, "texture": "#1"}
			}
		}
	],
	"groups": [
		{
			"name": "book",
			"origin": [5, -2, 3],
			"color": 0,
			"children": [0, 1, 2, 3, 4]
		},
		{
			"name": "book",
			"origin": [5, -2, 3],
			"color": 0,
			"children": [5, 6, 7, 8, 9]
		},
		{
			"name": "book",
			"origin": [5, -2, 3],
			"color": 0,
			"children": [10, 11, 12, 13, 14]
		},
		{
			"name": "book",
			"origin": [5, -2, 3],
			"color": 0,
			"children": [15, 16, 17, 18, 19]
		},
		{
			"name": "book",
			"origin": [5, -2, 3],
			"color": 0,
			"children": [20, 21, 22, 23, 24]
		},
		{
			"name": "book",
			"origin": [5, -2, 3],
			"color": 0,
			"children": [25, 26, 27, 28, 29]
		},
		{
			"name": "book",
			"origin": [5, -2, 3],
			"color": 0,
			"children": [30, 31, 32, 33, 34]
		},
		{
			"name": "book",
			"origin": [5, -2, 3],
			"color": 0,
			"children": [35, 36, 37, 38, 39]
		}
	]
}