{
	"credit": "Made with Blockbench",
	"textures": {
		"0": "books/open_book",
		"1": "books/ink_jar",
		"2": "books/ink",
		"3": "books/quill",
		"particle": "books/open_book"
	},
	"elements": [
		{
			"from": [7, 0.05, 3],
			"to": [9, 1.05, 14],
			"rotation": {"angle": 0, "axis": "z", "origin": [7, 1.05, 3]},
			"faces": {
				"north": {"uv": [10, 5, 10.5, 6], "rotation": 270, "texture": "#0"},
				"east": {"uv": [7.5, 15.5, 7, 10], "rotation": 90, "texture": "#0"},
				"south": {"uv": [10, 5, 10.5, 6], "rotation": 90, "texture": "#0"},
				"west": {"uv": [7.5, 10, 7, 15.5], "rotation": 90, "texture": "#0"},
				"up": {"uv": [7, 9, 12.5, 10], "rotation": 90, "texture": "#0"},
				"down": {"uv": [7, 9, 12.5, 10], "rotation": 90, "texture": "#0"}
			}
		},
		{
			"from": [1, 0.825, 4],
			"to": [7, 1.825, 13],
			"rotation": {"angle": 0, "axis": "z", "origin": [0, 0.825, 3]},
			"faces": {
				"north": {"uv": [10, 3, 13, 3.5], "texture": "#0"},
				"east": {"uv": [10, 2.5, 14.5, 3], "texture": "#0"},
				"south": {"uv": [10, 3, 13, 3.5], "texture": "#0"},
				"west": {"uv": [10, 2, 14.5, 2.5], "texture": "#0"},
				"up": {"uv": [3, 11, 0, 6.5], "texture": "#0"},
				"down": {"uv": [3, 6.5, 0, 11], "texture": "#0"}
			}
		},
		{
			"from": [9, 0.8, 3],
			"to": [16, 0.8, 14],
			"rotation": {"angle": 0, "axis": "z", "origin": [15, 2.8, 4]},
			"faces": {
				"north": {"uv": [0, 0, 3.5, 0], "rotation": 180, "texture": "#0"},
				"east": {"uv": [0, 0, 5.5, 0], "rotation": 180, "texture": "#0"},
				"south": {"uv": [0, 0, 3.5, 0], "rotation": 180, "texture": "#0"},
				"west": {"uv": [0, 0, 5.5, 0], "rotation": 180, "texture": "#0"},
				"up": {"uv": [3.5, 0, 0, 5.5], "rotation": 180, "texture": "#0"},
				"down": {"uv": [3.5, 5.5, 0, 0], "rotation": 180, "texture": "#0"}
			}
		},
		{
			"from": [0, 0.8, 3],
			"to": [7, 0.8, 14],
			"rotation": {"angle": 0, "axis": "z", "origin": [0, 0.8, 3]},
			"faces": {
				"north": {"uv": [0, 0, 3.5, 0], "texture": "#0"},
				"east": {"uv": [0, 0, 5.5, 0], "texture": "#0"},
				"south": {"uv": [0, 0, 3.5, 0], "texture": "#0"},
				"west": {"uv": [0, 0, 5.5, 0], "texture": "#0"},
				"up": {"uv": [7, 5.5, 3.5, 0], "texture": "#0"},
				"down": {"uv": [7, 0, 3.5, 5.5], "texture": "#0"}
			}
		},
		{
			"from": [9, 0.825, 4],
			"to": [15, 1.825, 13],
			"rotation": {"angle": 0, "axis": "y", "origin": [15, 0.825, 13]},
			"faces": {
				"north": {"uv": [10, 3, 13, 3.5], "texture": "#0"},
				"east": {"uv": [10, 2, 14.5, 2.5], "texture": "#0"},
				"south": {"uv": [10, 3, 13, 3.5], "texture": "#0"},
				"west": {"uv": [10, 2.5, 14.5, 3], "texture": "#0"},
				"up": {"uv": [3, 11, 0, 6.5], "rotation": 180, "texture": "#0"},
				"down": {"uv": [3, 6.5, 0, 11], "rotation": 180, "texture": "#0"}
			}
		},
		{
			"from": [7.025, 0.525, 4],
			"to": [8.975, 1.525, 13],
			"rotation": {"angle": 0, "axis": "y", "origin": [7, 0.525, 4]},
			"faces": {
				"north": {"uv": [0, 6.5, 1, 7], "texture": "#0"},
				"east": {"uv": [10, 2, 14.5, 2.5], "texture": "#0"},
				"south": {"uv": [0, 6.5, 1, 7], "texture": "#0"},
				"west": {"uv": [10, 2, 14.5, 2.5], "texture": "#0"},
				"up": {"uv": [0.5, 6.5, 1.5, 11], "texture": "#0"},
				"down": {"uv": [2, 6.5, 3, 11], "texture": "#0"}
			}
		},
		{
			"from": [-4, 0, 1],
			"to": [-1, 0.5, 4],
			"rotation": {"angle": 0, "axis": "y", "origin": [-3, 0, 1]},
			"faces": {
				"north": {"uv": [0, 6, 3, 7], "texture": "#1"},
				"east": {"uv": [6, 0, 9, 1], "texture": "#1"},
				"south": {"uv": [6, 1, 9, 2], "texture": "#1"},
				"west": {"uv": [6, 2, 9, 3], "texture": "#1"},
				"up": {"uv": [3, 3, 0, 0], "texture": "#1"},
				"down": {"uv": [3, 3, 0, 6], "texture": "#1"}
			}
		},
		{
			"from": [-3.5, 0.5, 3.5],
			"to": [-1.5, 1.5, 4],
			"rotation": {"angle": 0, "axis": "y", "origin": [-3, 0.5, 2]},
			"faces": {
				"north": {"uv": [6, 6, 8, 7], "texture": "#1"},
				"east": {"uv": [7, 9, 8, 10], "texture": "#1"},
				"south": {"uv": [0, 7, 2, 8], "texture": "#1"},
				"west": {"uv": [9, 7, 10, 8], "texture": "#1"},
				"up": {"uv": [4, 8, 2, 7], "texture": "#1"},
				"down": {"uv": [6, 7, 4, 8], "texture": "#1"}
			}
		},
		{
			"from": [-3.5, 0.5, 1],
			"to": [-1.5, 1.5, 1.5],
			"rotation": {"angle": 0, "axis": "y", "origin": [-3, 0.5, -0.5]},
			"faces": {
				"north": {"uv": [6, 7, 8, 8], "texture": "#1"},
				"east": {"uv": [8, 9, 9, 10], "texture": "#1"},
				"south": {"uv": [0, 8, 2, 9], "texture": "#1"},
				"west": {"uv": [9, 8, 10, 9], "texture": "#1"},
				"up": {"uv": [4, 9, 2, 8], "texture": "#1"},
				"down": {"uv": [6, 8, 4, 9], "texture": "#1"}
			}
		},
		{
			"from": [-4, 0.5, 1.5],
			"to": [-3.5, 1.5, 3.5],
			"rotation": {"angle": 0, "axis": "y", "origin": [-2, 0.5, 2]},
			"faces": {
				"north": {"uv": [9, 9, 10, 10], "texture": "#1"},
				"east": {"uv": [6, 8, 8, 9], "texture": "#1"},
				"south": {"uv": [1, 10, 2, 11], "texture": "#1"},
				"west": {"uv": [8, 6, 10, 7], "texture": "#1"},
				"up": {"uv": [9, 9, 8, 7], "texture": "#1"},
				"down": {"uv": [1, 9, 0, 11], "texture": "#1"}
			}
		},
		{
			"from": [-1.5, 0.5, 1.5],
			"to": [-1, 1.5, 3.5],
			"rotation": {"angle": 0, "axis": "y", "origin": [0.5, 0.5, 2]},
			"faces": {
				"north": {"uv": [10, 1, 11, 2], "texture": "#1"},
				"east": {"uv": [9, 0, 11, 1], "texture": "#1"},
				"south": {"uv": [2, 10, 3, 11], "texture": "#1"},
				"west": {"uv": [1, 9, 3, 10], "texture": "#1"},
				"up": {"uv": [10, 3, 9, 1], "texture": "#1"},
				"down": {"uv": [4, 9, 3, 11], "texture": "#1"}
			}
		},
		{
			"from": [-1.5, 0.5, 3.5],
			"to": [-1, 1.5, 4],
			"rotation": {"angle": 0, "axis": "y", "origin": [0.5, 0.5, 2.5]},
			"faces": {
				"north": {"uv": [10, 2, 11, 3], "texture": "#1"},
				"east": {"uv": [10, 3, 11, 4], "texture": "#1"},
				"south": {"uv": [4, 10, 5, 11], "texture": "#1"},
				"west": {"uv": [10, 4, 11, 5], "texture": "#1"},
				"up": {"uv": [6, 11, 5, 10], "texture": "#1"},
				"down": {"uv": [11, 5, 10, 6], "texture": "#1"}
			}
		},
		{
			"from": [-1.5, 0.5, 1],
			"to": [-1, 1.5, 1.5],
			"rotation": {"angle": 0, "axis": "y", "origin": [0.5, 0.5, 0]},
			"faces": {
				"north": {"uv": [6, 10, 7, 11], "texture": "#1"},
				"east": {"uv": [10, 6, 11, 7], "texture": "#1"},
				"south": {"uv": [7, 10, 8, 11], "texture": "#1"},
				"west": {"uv": [10, 7, 11, 8], "texture": "#1"},
				"up": {"uv": [9, 11, 8, 10], "texture": "#1"},
				"down": {"uv": [11, 8, 10, 9], "texture": "#1"}
			}
		},
		{
			"from": [-4, 0.5, 3.5],
			"to": [-3.5, 1.5, 4],
			"rotation": {"angle": 0, "axis": "y", "origin": [-2, 0.5, 2.5]},
			"faces": {
				"north": {"uv": [9, 10, 10, 11], "texture": "#1"},
				"east": {"uv": [10, 9, 11, 10], "texture": "#1"},
				"south": {"uv": [10, 10, 11, 11], "texture": "#1"},
				"west": {"uv": [0, 11, 1, 12], "texture": "#1"},
				"up": {"uv": [12, 1, 11, 0], "texture": "#1"},
				"down": {"uv": [2, 11, 1, 12], "texture": "#1"}
			}
		},
		{
			"from": [-4, 0.5, 1],
			"to": [-3.5, 1.5, 1.5],
			"rotation": {"angle": 0, "axis": "y", "origin": [-2, 0.5, 0]},
			"faces": {
				"north": {"uv": [11, 1, 12, 2], "texture": "#1"},
				"east": {"uv": [2, 11, 3, 12], "texture": "#1"},
				"south": {"uv": [11, 2, 12, 3], "texture": "#1"},
				"west": {"uv": [3, 11, 4, 12], "texture": "#1"},
				"up": {"uv": [12, 4, 11, 3], "texture": "#1"},
				"down": {"uv": [5, 11, 4, 12], "texture": "#1"}
			}
		},
		{
			"from": [-4, 1.5, 1],
			"to": [-1, 2, 4],
			"rotation": {"angle": 0, "axis": "y", "origin": [-3, 1.5, 1]},
			"faces": {
				"north": {"uv": [3, 6, 6, 7], "texture": "#1"},
				"east": {"uv": [6, 3, 9, 4], "texture": "#1"},
				"south": {"uv": [6, 4, 9, 5], "texture": "#1"},
				"west": {"uv": [6, 5, 9, 6], "texture": "#1"},
				"up": {"uv": [6, 3, 3, 0], "texture": "#1"},
				"down": {"uv": [6, 3, 3, 6], "texture": "#1"}
			}
		},
		{
			"from": [-3.5, 2, 2],
			"to": [-3, 3, 3],
			"rotation": {"angle": 0, "axis": "y", "origin": [-1.5, 2, 2]},
			"faces": {
				"north": {"uv": [11, 4, 12, 5], "texture": "#1"},
				"east": {"uv": [5, 11, 6, 12], "texture": "#1"},
				"south": {"uv": [11, 5, 12, 6], "texture": "#1"},
				"west": {"uv": [6, 11, 7, 12], "texture": "#1"},
				"up": {"uv": [12, 7, 11, 6], "texture": "#1"},
				"down": {"uv": [8, 11, 7, 12], "texture": "#1"}
			}
		},
		{
			"from": [-2, 2, 2],
			"to": [-1.5, 3, 3],
			"rotation": {"angle": 0, "axis": "y", "origin": [0, 2, 2]},
			"faces": {
				"north": {"uv": [11, 7, 12, 8], "texture": "#1"},
				"east": {"uv": [8, 11, 9, 12], "texture": "#1"},
				"south": {"uv": [11, 8, 12, 9], "texture": "#1"},
				"west": {"uv": [9, 11, 10, 12], "texture": "#1"},
				"up": {"uv": [12, 10, 11, 9], "texture": "#1"},
				"down": {"uv": [11, 11, 10, 12], "texture": "#1"}
			}
		},
		{
			"from": [-3, 2, 3],
			"to": [-2, 3, 3.5],
			"rotation": {"angle": 0, "axis": "y", "origin": [-3, 2, 1.5]},
			"faces": {
				"north": {"uv": [11, 10, 12, 11], "texture": "#1"},
				"east": {"uv": [11, 11, 12, 12], "texture": "#1"},
				"south": {"uv": [0, 12, 1, 13], "texture": "#1"},
				"west": {"uv": [12, 0, 13, 1], "texture": "#1"},
				"up": {"uv": [2, 13, 1, 12], "texture": "#1"},
				"down": {"uv": [13, 1, 12, 2], "texture": "#1"}
			}
		},
		{
			"from": [-3, 2, 1.5],
			"to": [-2, 3, 2],
			"rotation": {"angle": 0, "axis": "y", "origin": [-3, 2, 0]},
			"faces": {
				"north": {"uv": [2, 12, 3, 13], "texture": "#1"},
				"east": {"uv": [12, 2, 13, 3], "texture": "#1"},
				"south": {"uv": [3, 12, 4, 13], "texture": "#1"},
				"west": {"uv": [12, 3, 13, 4], "texture": "#1"},
				"up": {"uv": [5, 13, 4, 12], "texture": "#1"},
				"down": {"uv": [13, 4, 12, 5], "texture": "#1"}
			}
		},
		{
			"from": [-2, 2, 3],
			"to": [-1.5, 3, 3.5],
			"rotation": {"angle": 0, "axis": "y", "origin": [-2, 2, 1.5]},
			"faces": {
				"north": {"uv": [5, 12, 6, 13], "texture": "#1"},
				"east": {"uv": [12, 5, 13, 6], "texture": "#1"},
				"south": {"uv": [6, 12, 7, 13], "texture": "#1"},
				"west": {"uv": [12, 6, 13, 7], "texture": "#1"},
				"up": {"uv": [8, 13, 7, 12], "texture": "#1"},
				"down": {"uv": [13, 7, 12, 8], "texture": "#1"}
			}
		},
		{
			"from": [-2, 2, 1.5],
			"to": [-1.5, 3, 2],
			"rotation": {"angle": 0, "axis": "y", "origin": [-2, 2, 0]},
			"faces": {
				"north": {"uv": [8, 12, 9, 13], "texture": "#1"},
				"east": {"uv": [12, 8, 13, 9], "texture": "#1"},
				"south": {"uv": [9, 12, 10, 13], "texture": "#1"},
				"west": {"uv": [12, 9, 13, 10], "texture": "#1"},
				"up": {"uv": [11, 13, 10, 12], "texture": "#1"},
				"down": {"uv": [13, 10, 12, 11], "texture": "#1"}
			}
		},
		{
			"from": [-3.5, 2, 3],
			"to": [-3, 3, 3.5],
			"rotation": {"angle": 0, "axis": "y", "origin": [-3.5, 2, 1.5]},
			"faces": {
				"north": {"uv": [11, 12, 12, 13], "texture": "#1"},
				"east": {"uv": [12, 11, 13, 12], "texture": "#1"},
				"south": {"uv": [12, 12, 13, 13], "texture": "#1"},
				"west": {"uv": [0, 13, 1, 14], "texture": "#1"},
				"up": {"uv": [14, 1, 13, 0], "texture": "#1"},
				"down": {"uv": [2, 13, 1, 14], "texture": "#1"}
			}
		},
		{
			"from": [-3.5, 2, 1.5],
			"to": [-3, 3, 2],
			"rotation": {"angle": 0, "axis": "y", "origin": [-3.5, 2, 0]},
			"faces": {
				"north": {"uv": [9, 3, 10, 4], "texture": "#1"},
				"east": {"uv": [4, 9, 5, 10], "texture": "#1"},
				"south": {"uv": [9, 4, 10, 5], "texture": "#1"},
				"west": {"uv": [5, 9, 6, 10], "texture": "#1"},
				"up": {"uv": [10, 6, 9, 5], "texture": "#1"},
				"down": {"uv": [7, 9, 6, 10], "texture": "#1"}
			}
		},
		{
			"from": [-3.475, 0.525, 1.525],
			"to": [-1.525, 1.475, 3.475],
			"rotation": {"angle": 0, "axis": "y", "origin": [-3.5, 0.5, 1.5]},
			"faces": {
				"north": {"uv": [2, 0, 4, 1], "texture": "#2"},
				"east": {"uv": [2, 1, 4, 2], "texture": "#2"},
				"south": {"uv": [2, 2, 4, 3], "texture": "#2"},
				"west": {"uv": [2, 3, 4, 4], "texture": "#2"},
				"up": {"uv": [2, 2, 0, 0], "texture": "#2"},
				"down": {"uv": [2, 2, 0, 4], "texture": "#2"}
			}
		},
		{
			"from": [-2.75, 1, 2.25],
			"to": [-2.25, 3, 2.75],
			"rotation": {"angle": 0, "axis": "y", "origin": [-2.25, 1, 0.75]},
			"faces": {
				"north": {"uv": [3, 6, 3.5, 8], "texture": "#3"},
				"east": {"uv": [4, 6, 4.5, 8], "texture": "#3"},
				"south": {"uv": [5, 6, 5.5, 8], "texture": "#3"},
				"west": {"uv": [6, 6, 6.5, 8], "texture": "#3"},
				"up": {"uv": [6.5, 3.5, 6, 3], "texture": "#3"},
				"down": {"uv": [8.5, 3, 8, 3.5], "texture": "#3"}
			}
		},
		{
			"from": [-1.90773, 2.85325, 2.3],
			"to": [-1.50773, 4.85325, 2.7],
			"rotation": {"angle": 22.5, "axis": "z", "origin": [-2.25, 1, 0.75]},
			"faces": {
				"north": {"uv": [7, 0, 7.5, 2], "texture": "#3"},
				"east": {"uv": [7, 2, 7.5, 4], "texture": "#3"},
				"south": {"uv": [7, 4, 7.5, 6], "texture": "#3"},
				"west": {"uv": [7, 6, 7.5, 8], "texture": "#3"},
				"up": {"uv": [8.5, 4.5, 8, 4], "texture": "#3"},
				"down": {"uv": [5.5, 8, 5, 8.5], "texture": "#3"}
			}
		},
		{
			"from": [-0.43787, 4.28805, 2.35],
			"to": [-0.13787, 6.78805, 2.65],
			"rotation": {"angle": 45, "axis": "z", "origin": [-2.25, 1, 0.75]},
			"faces": {
				"north": {"uv": [0, 6, 0.5, 8.5], "texture": "#3"},
				"east": {"uv": [6, 0, 6.5, 2.5], "texture": "#3"},
				"south": {"uv": [1, 6, 1.5, 8.5], "texture": "#3"},
				"west": {"uv": [2, 6, 2.5, 8.5], "texture": "#3"},
				"up": {"uv": [8.5, 5.5, 8, 5], "texture": "#3"},
				"down": {"uv": [6.5, 8, 6, 8.5], "texture": "#3"}
			}
		},
		{
			"from": [-8.29523, 4.93451, 2.4],
			"to": [-6.79523, 5.13451, 2.6],
			"rotation": {"angle": -22.5, "axis": "z", "origin": [-2.25, 1, 0.75]},
			"faces": {
				"north": {"uv": [8, 0, 9.5, 0.5], "texture": "#3"},
				"east": {"uv": [8, 6, 8.5, 6.5], "texture": "#3"},
				"south": {"uv": [8, 1, 9.5, 1.5], "texture": "#3"},
				"west": {"uv": [7, 8, 7.5, 8.5], "texture": "#3"},
				"up": {"uv": [9.5, 2.5, 8, 2], "texture": "#3"},
				"down": {"uv": [4.5, 8, 3, 8.5], "texture": "#3"}
			}
		},
		{
			"from": [-1.70773, 2.85325, 1.2],
			"to": [-1.70773, 4.85325, 3.85],
			"rotation": {"angle": 22.5, "axis": "z", "origin": [-2.25, 1, 0.75]},
			"faces": {
				"north": {"uv": [0, 0, 0, 2], "texture": "#3"},
				"east": {"uv": [3, 0, 5.5, 2], "texture": "#3"},
				"south": {"uv": [0, 0, 0, 2], "texture": "#3"},
				"west": {"uv": [5.5, 0, 3, 2], "texture": "#3"},
				"up": {"uv": [0, 2.5, 0, 0], "texture": "#3"},
				"down": {"uv": [0, 0, 0, 2.5], "texture": "#3"}
			}
		},
		{
			"from": [-0.27019, 4.34108, 1.35],
			"to": [-0.27019, 6.84108, 3.65],
			"rotation": {"angle": 45, "axis": "z", "origin": [-2.25, 1, 0.75]},
			"faces": {
				"north": {"uv": [0, 0, 0, 2.5], "texture": "#3"},
				"east": {"uv": [0, 0, 2.5, 2.5], "texture": "#3"},
				"south": {"uv": [0, 0, 0, 2.5], "texture": "#3"},
				"west": {"uv": [2.5, 2.5, 0, 0], "texture": "#3"},
				"up": {"uv": [0, 2.5, 0, 0], "texture": "#3"},
				"down": {"uv": [0, 0, 0, 2.5], "texture": "#3"}
			}
		},
		{
			"from": [-8.36056, 5.06157, 1.4],
			"to": [-6.86056, 5.06157, 3.6],
			"rotation": {"angle": -22.5, "axis": "z", "origin": [-2.25, 1, 0.75]},
			"faces": {
				"north": {"uv": [0, 0, 1.5, 0], "texture": "#3"},
				"east": {"uv": [0, 0, 2, 0], "texture": "#3"},
				"south": {"uv": [0, 0, 1.5, 0], "texture": "#3"},
				"west": {"uv": [0, 0, 2, 0], "texture": "#3"},
				"up": {"uv": [4.5, 6, 3, 4], "texture": "#3"},
				"down": {"uv": [4.5, 4, 3, 6], "texture": "#3"}
			}
		}
	],
	"groups": [
		{
			"name": "book",
			"origin": [5, -2, 3],
			"color": 0,
			"children": [0, 1, 2, 3, 4, 5]
		},
		{
			"name": "ink",
			"origin": [8, 8, 8],
			"color": 0,
			"children": [6, 7, 8, 9, 10, 11, 12, 13, 14, 15, 16, 17, 18, 19, 20, 21, 22, 23, 24]
		},
		{
			"name": "quill",
			"origin": [8, 8, 8],
			"color": 0,
			"children": [25, 26, 27, 28, 29, 30, 31]
		}
	]
}