{
	"credit": "Made with Blockbench",
	"textures": {
		"0": "carrot pile",
		"1": "carrot",
		"particle": "carrot pile"
	},
	"elements": [
		{
			"from": [9, 0, 7],
			"to": [14, 4, 7],
			"rotation": {"angle": 0, "axis": "y", "origin": [1, 1, 6]},
			"faces": {
				"north": {"uv": [5, 0, 0, 4], "texture": "#1"},
				"east": {"uv": [0, 0, 0, 4], "texture": "#1"},
				"south": {"uv": [0, 0, 5, 4], "texture": "#1"},
				"west": {"uv": [0, 0, 0, 4], "texture": "#1"},
				"up": {"uv": [5, 0, 0, 0], "texture": "#1"},
				"down": {"uv": [5, 0, 0, 0], "texture": "#1"}
			}
		},
		{
			"from": [9, 2, 5],
			"to": [14, 2, 9],
			"rotation": {"angle": 0, "axis": "x", "origin": [1, 3, 6]},
			"faces": {
				"north": {"uv": [5, 0, 0, 0], "rotation": 180, "texture": "#1"},
				"east": {"uv": [0, 0, 0, 4], "rotation": 270, "texture": "#1"},
				"south": {"uv": [5, 0, 0, 0], "texture": "#1"},
				"west": {"uv": [0, 0, 0, 4], "rotation": 90, "texture": "#1"},
				"up": {"uv": [5, 0, 0, 4], "rotation": 180, "texture": "#1"},
				"down": {"uv": [0, 0, 5, 4], "texture": "#1"}
			}
		},
		{
			"from": [1, 1, 7],
			"to": [3, 3, 8],
			"rotation": {"angle": 0, "axis": "y", "origin": [1, 1, 6]},
			"faces": {
				"north": {"uv": [11, 0, 13, 2], "texture": "#1"},
				"east": {"uv": [8, 8, 9, 10], "texture": "#1"},
				"south": {"uv": [11, 2, 13, 4], "texture": "#1"},
				"west": {"uv": [9, 8, 10, 10], "texture": "#1"},
				"up": {"uv": [11, 5, 9, 4], "texture": "#1"},
				"down": {"uv": [11, 5, 9, 6], "texture": "#1"}
			}
		},
		{
			"from": [3, 1, 6],
			"to": [9, 3, 8],
			"rotation": {"angle": 0, "axis": "y", "origin": [1, 1, 6]},
			"faces": {
				"north": {"uv": [5, 0, 11, 2], "texture": "#1"},
				"east": {"uv": [6, 8, 8, 10], "texture": "#1"},
				"south": {"uv": [5, 2, 11, 4], "texture": "#1"},
				"west": {"uv": [6, 8, 8, 10], "texture": "#1"},
				"up": {"uv": [11, 6, 5, 4], "texture": "#1"},
				"down": {"uv": [11, 4, 5, 6], "texture": "#1"}
			}
		},
		{
			"from": [5, 0, 5],
			"to": [11, 1, 10],
			"rotation": {"angle": 0, "axis": "y", "origin": [4, 0, 6]},
			"faces": {
				"north": {"uv": [5.5, 7, 8.5, 7.5], "texture": "#0"},
				"east": {"uv": [5.5, 7, 8, 7.5], "texture": "#0"},
				"south": {"uv": [5.5, 7, 8.5, 7.5], "texture": "#0"},
				"west": {"uv": [5.5, 7, 8, 7.5], "texture": "#0"},
				"up": {"uv": [3, 2.5, 0, 0], "texture": "#0"},
				"down": {"uv": [3, 2.5, 0, 5], "texture": "#0"}
			}
		},
		{
			"from": [6, 0, 4],
			"to": [10, 1, 11],
			"rotation": {"angle": 0, "axis": "y", "origin": [4, 0, 6]},
			"faces": {
				"north": {"uv": [6, 7, 8, 7.5], "texture": "#0"},
				"east": {"uv": [5, 7, 8.5, 7.5], "texture": "#0"},
				"south": {"uv": [6, 7, 8, 7.5], "texture": "#0"},
				"west": {"uv": [5, 7, 8.5, 7.5], "texture": "#0"},
				"up": {"uv": [2.5, 3.5, 0.5, 0], "texture": "#0"},
				"down": {"uv": [5, 3.5, 3, 7], "texture": "#0"}
			}
		},
		{
			"from": [4, 0, 6],
			"to": [12, 1, 9],
			"rotation": {"angle": 0, "axis": "y", "origin": [4, 0, 6]},
			"faces": {
				"north": {"uv": [5, 7, 9, 7.5], "texture": "#0"},
				"east": {"uv": [6, 7, 7.5, 7.5], "texture": "#0"},
				"south": {"uv": [5, 7, 9, 7.5], "texture": "#0"},
				"west": {"uv": [6, 7, 7.5, 7.5], "texture": "#0"},
				"up": {"uv": [4, 2.5, 0, 1], "texture": "#0"},
				"down": {"uv": [9, 1.5, 5, 3], "texture": "#0"}
			}
		},
		{
			"from": [6, 0, 6],
			"to": [8, 2.25, 9],
			"rotation": {"angle": 0, "axis": "y", "origin": [6, 0, 5]},
			"faces": {
				"north": {"uv": [9, 4, 10, 5], "texture": "#0"},
				"east": {"uv": [7, 4, 8.5, 5], "texture": "#0"},
				"south": {"uv": [9, 4, 10, 5], "texture": "#0"},
				"west": {"uv": [7.5, 4, 9, 5], "texture": "#0"},
				"up": {"uv": [2, 2, 1, 0.5], "texture": "#0"},
				"down": {"uv": [4, 5.5, 3, 7], "texture": "#0"}
			}
		},
		{
			"from": [5, 0, 6],
			"to": [11, 1.5, 9],
			"rotation": {"angle": 0, "axis": "y", "origin": [0, 0, -3]},
			"faces": {
				"north": {"uv": [7, 3, 10, 4], "texture": "#0"},
				"east": {"uv": [9, 7, 10.5, 8], "texture": "#0"},
				"south": {"uv": [7, 4, 10, 5], "texture": "#0"},
				"west": {"uv": [7.5, 4, 9, 5], "texture": "#0"},
				"up": {"uv": [3, 2.5, 0, 1], "texture": "#0"},
				"down": {"uv": [3, 3.5, 0, 5], "texture": "#0"}
			}
		},
		{
			"from": [6, 1, 5],
			"to": [10, 1.75, 10],
			"rotation": {"angle": 0, "axis": "y", "origin": [8, 1, 8]},
			"faces": {
				"north": {"uv": [7.5, 3, 9.5, 3.5], "texture": "#0"},
				"east": {"uv": [8.5, 7.5, 11, 8], "texture": "#0"},
				"south": {"uv": [7.5, 4, 9.5, 4.5], "texture": "#0"},
				"west": {"uv": [7, 4, 9.5, 4.5], "texture": "#0"},
				"up": {"uv": [2.5, 2.5, 0.5, 0], "texture": "#0"},
				"down": {"uv": [7, 3, 5, 5.5], "texture": "#0"}
			}
		}
	],
	"groups": [
		{
			"name": "carrot",
			"origin": [0, 1, 0],
			"color": 0,
			"children": [0, 1, 2, 3]
		},
		{
			"name": "pile",
			"origin": [0, 0, 0],
			"color": 0,
			"children": [4, 5, 6, 7, 8, 9]
		}
	]
}