{
	"credit": "Made with Blockbench",
	"textures": {
		"1": "bones/bone3d",
		"particle": "bones/bone"
	},
	"elements": [
		{
			"from": [8, 0, 7],
			"to": [15, 1, 10],
			"rotation": {"angle": 0, "axis": "y", "origin": [13, 0, 7]},
			"faces": {
				"north": {"uv": [0, 6, 7, 7], "texture": "#1"},
				"east": {"uv": [2, 8, 5, 9], "texture": "#1"},
				"south": {"uv": [0, 7, 7, 8], "texture": "#1"},
				"west": {"uv": [5, 8, 8, 9], "texture": "#1"},
				"up": {"uv": [7, 3, 0, 0], "texture": "#1"},
				"down": {"uv": [7, 3, 0, 6], "texture": "#1"}
			}
		},
		{
			"from": [6, 0, 7],
			"to": [8, 1, 9],
			"rotation": {"angle": 0, "axis": "y", "origin": [6, 0, 7]},
			"faces": {
				"north": {"uv": [9, 1, 11, 2], "texture": "#1"},
				"east": {"uv": [2, 9, 4, 10], "texture": "#1"},
				"south": {"uv": [9, 2, 11, 3], "texture": "#1"},
				"west": {"uv": [9, 3, 11, 4], "texture": "#1"},
				"up": {"uv": [9, 8, 7, 6], "texture": "#1"},
				"down": {"uv": [2, 8, 0, 10], "texture": "#1"}
			}
		},
		{
			"from": [4, 0, 7],
			"to": [6, 1, 10],
			"rotation": {"angle": 0, "axis": "y", "origin": [4, 0, 7]},
			"faces": {
				"north": {"uv": [4, 9, 6, 10], "texture": "#1"},
				"east": {"uv": [8, 8, 11, 9], "texture": "#1"},
				"south": {"uv": [9, 4, 11, 5], "texture": "#1"},
				"west": {"uv": [9, 0, 12, 1], "texture": "#1"},
				"up": {"uv": [9, 3, 7, 0], "texture": "#1"},
				"down": {"uv": [9, 3, 7, 6], "texture": "#1"}
			}
		},
		{
			"from": [3, 0, 7],
			"to": [4, 1, 9],
			"rotation": {"angle": 0, "axis": "y", "origin": [2, 0, 7]},
			"faces": {
				"north": {"uv": [6, 10, 7, 11], "texture": "#1"},
				"east": {"uv": [9, 5, 11, 6], "texture": "#1"},
				"south": {"uv": [10, 6, 11, 7], "texture": "#1"},
				"west": {"uv": [6, 9, 8, 10], "texture": "#1"},
				"up": {"uv": [10, 8, 9, 6], "texture": "#1"},
				"down": {"uv": [9, 9, 8, 11], "texture": "#1"}
			}
		},
		{
			"from": [3, 0, 6],
			"to": [5, 1, 7],
			"rotation": {"angle": 0, "axis": "y", "origin": [3, 0, 5]},
			"faces": {
				"north": {"uv": [9, 9, 11, 10], "texture": "#1"},
				"east": {"uv": [7, 10, 8, 11], "texture": "#1"},
				"south": {"uv": [0, 10, 2, 11], "texture": "#1"},
				"west": {"uv": [10, 7, 11, 8], "texture": "#1"},
				"up": {"uv": [4, 11, 2, 10], "texture": "#1"},
				"down": {"uv": [6, 10, 4, 11], "texture": "#1"}
			}
		}
	],
	"groups": [
		{
			"name": "bone",
			"origin": [3, 0, 5],
			"color": 0,
			"children": [0, 1, 2, 3, 4]
		}
	]
}